"country","iso3","income","region","EG.FEC.RNEW.ZS","SL.TLF.CACT.FE.ZS","SH.STA.SMSS.ZS","SH.H2O.SMDW.ZS","HD.HCI.OVRL","SE.SEC.ENRR","SH.IMM.IDPT","account.t.d.7","NY.ADJ.SVNG.GN.ZS","ER.H2O.INTR.PC","gov_effect","cont_corr","reg_qua","sdg9_intuse","water_efficiency_FAO","water_efficiency_ceo","WWT.new","BHV.new","FSH.new","GIB.new","wbl","agri_value","waste_managed","lpi_score","conf_gov","trust_ppl","agri_land","LGBT_acc","wat_qua","food_sec","gini_ghg","EN.POP.SLUM.UR.ZS","SI.POV.GINI","EN.ATM.PM25.MC.M3","EN.ATM.CO2E.PC","pov_1016","sec_aparat","ref_idp","risk_to_assets","risk_wellbeing","Tenure.insecurity","waste_rate","forest_loss","pop_dis","rain_exp"
"Andorra","AND","High income","Europe & Central Asia",0.256366198921548,NA,0.999999958877185,0.899283521134544,NA,NA,1,NA,NA,0.00767276179414995,NA,NA,NA,0.914551478858254,NA,NA,NA,NA,NA,NA,NA,NA,NA,NA,0.671163575042159,0.325905292479109,0,0.452054794520548,NA,NA,NA,NA,NA,0.952635066837627,0.874551774067652,NA,NA,NA,NA,NA,NA,0.795203924011726,0.998448974412529,NA,NA
"Australia","AUS","High income","East Asia & Pacific",0.119181357921746,0.835994276488574,0.730515173150031,NA,0.862944162436548,0.84002750561675,0.929824561403509,0.992593088846688,0.746788861830773,0.0403606352547056,0.864346235778254,0.898759465133426,0.929550136664429,0.863665379821868,0.0601859450382274,0.0850550784872301,0.926926926926927,0.826923076923077,0.00293255131964809,0.600638977635783,0.957937584803257,0.826184551418494,0.999999999998505,0.808219178082192,0.360876897133221,0.646239554317549,0.00165842046389859,0.780821917808219,0.758511465950949,0.893238434163701,0.155595728450316,NA,NA,0.971354999020251,0.622359344174444,0.994858611825193,0.750892526292176,0.911111111111111,0.954284483581952,0.954727735119449,0.795454545454545,0.767268308362553,0.857836709327307,0.996031208272656,0.929285111315687
"Austria","AUT","High income","Europe & Central Asia",0.446516039497481,0.753968407085069,0.964010671213084,0.988230369252162,0.846023688663283,0.613640457894724,0.754385964912281,0.978227280556729,0.808580131707713,0.0123934692165877,0.833763874373257,0.846438387037624,0.848631530250563,0.877759876787144,0.0845684649542267,0.123705457651635,0.93993993993994,0.467307692307692,NA,0.389776357827476,0.924016282225238,0.257697188155102,NA,0.908675799086758,0.497470489038786,0.664345403899721,0.0366946414380248,0.712328767123288,0.548751471527367,0.898576512455516,0.358676101085141,NA,0.842406876790831,0.929515060571653,0.848952106009297,0.993756885787734,0.870030883282874,0.588888888888889,0.949578851114811,0.952732923325099,0.977272727272727,0.766108020800864,0.928347287733779,0.997659767863324,0.84374348270354
"Belgium","BEL","High income","Europe & Central Asia",0.119455766025837,0.655761625352271,0.967920658123961,0.994869346057917,0.785109983079526,1,0.982456140350877,0.988109298548125,0.797568902798259,0.0020616899352015,0.773605515882938,0.825009764897741,0.791279962321531,0.875165921917905,0.0877672110074887,0.128320939642892,0.678678678678679,0.257692307692308,0.0850439882697947,0.436634717784878,1,0.441223979049926,0.99999999998459,0.93607305936073,NA,NA,0.101380105879916,0.863013698630137,0,0.880782918149466,0.301294042139413,NA,0.908309455587393,0.925162887374229,0.808535211036358,0.998347410943812,0.761723286018603,0.888888888888889,0.986743811648374,0.986936138646567,0.795454545454545,0.872743384929714,0.898919770168593,0.999915068378793,0.931340467164516
"Brunei Darussalam","BRN","High income","East Asia & Pacific",0.000193886747376116,0.798454177693881,NA,NA,NA,0.559400632252059,1,NA,0.994743981953946,0.0399476290300144,0.790902701867651,0.646824405349736,0.664520399018278,0.94798917834453,NA,NA,0.0590590590590591,0.546153846153846,0.0894428152492669,0.053248136315229,0.363636363636364,0.332415646412088,0.991220460882807,0.356164383561644,NA,NA,0.0740773869621626,NA,0.856335301423909,NA,0.098970023880135,NA,NA,0.999555415847876,0.549975388007222,NA,0.588431130395768,0.966666666666667,NA,NA,NA,0.803152228102705,0.951012453269937,NA,NA
"Canada","CAN","High income","North America",0.285933377608942,0.845168026500472,0.804374494752849,0.987742422687929,0.856175972927242,0.711367717358756,0.859649122807018,0.997689307799275,0.751837514349231,0.154879437521367,0.889899831656305,0.90413055248691,0.886703964294155,0.90880627412834,0.0348075464838888,0.0494001851218779,0.673673673673674,1,0.114369501466276,0.473908413205538,1,0.726193650879458,0.999999999986645,0.82648401826484,NA,NA,0.0113016452296687,0.904109589041096,0.702265486831265,0.911032028469751,0.138218319660891,NA,0.739255014326648,0.993959371984317,0.634324861170588,0.995501285347044,0.740061766565749,0.9,0.979081820324024,0.978279473823267,0.772727272727273,0.657418148020744,0.899995418545511,0.9981802881446,0.891834386117097
"Channel Islands","CHI","High income","Europe & Central Asia",NA,0.689782872944317,0.88937462802099,0.91364855942911,NA,NA,NA,NA,NA,NA,NA,NA,NA,NA,NA,NA,NA,NA,NA,NA,NA,NA,0.999999999895327,NA,NA,NA,0,NA,NA,NA,NA,NA,NA,NA,NA,NA,NA,NA,NA,NA,NA,0.37285888686196,NA,NA,NA
"Chile","CHL","High income","Latin America & Caribbean",0.323025505238059,0.701138685858406,0.750703767151647,0.985357032619182,0.644670050761421,0.630264781497482,0.929824561403509,0.655446988570131,0.71365916699807,0.095970321233356,0.754866653671571,0.709450914950646,0.806230242393898,0.820925920296684,0.00473417031783432,NA,0.718718718718719,0.730769230769231,0.196480938416422,0.427050053248136,0.694708276797829,0.0906934198479981,0.920496584304717,0.584474885844749,0.462057335581787,0.15041782729805,0.0115971160295639,0.698630136986301,0.714037291795888,0.788256227758007,0.16674998122188,1,0.421203438395415,0.838345837935861,0.910760175993657,0.994430162810625,0.631754169301477,0.9,0.77905835285629,0.724550047222202,0.568181818181818,0.895398957357233,0.897365301845732,0.936328106647717,0.195948440168895
"Croatia","HRV","High income","Europe & Central Asia",0.430061019037176,0.607649380505527,0.540870864358555,0.891960217645544,0.727580372250423,0.614481658795858,0.894736842105263,0.802356624845718,0.815425073845702,0.0171297773753188,0.620892932880675,0.481424730884944,0.632186957023683,0.666595738213211,0.0490966162668506,0.0832133886087805,0.516516516516517,0.234615384615385,0.126099706744868,0.464323748668797,0.915875169606513,0.118655652934401,0.894845780781775,0.511415525114155,0.0118043844856661,0.16016713091922,0.0268166339396727,0.493150684931507,0.614430319396726,NA,0.142019722852023,NA,0.822349570200573,0.871736965812217,0.924713817511366,0.989717223650386,0.758460406216855,0.433333333333333,0.870354606559215,0.870171915282809,0.909090909090909,0.891589148918515,0.971591776258489,0.998610721939471,0.723236780329947
"Cyprus","CYP","High income","Europe & Central Asia",0.129067975204493,0.797378474904947,0.728565987268291,0.995838818684038,0.774957698815567,0.615680299023707,1,0.831584103910606,0.758226569742063,0.00130360457699267,0.720016068314198,0.608110154165821,0.705120999083953,0.804875824543271,0.049482883177234,0.0768591138421641,0.499499499499499,0.115384615384615,0.249266862170088,0.338658146964856,0.881953867028494,0.355508237396444,0.995435480099849,0.502283105022831,0.428330522765599,0.0626740947075209,0.0622587503379704,0.47945205479452,0.753167733835172,NA,0.264159195817703,NA,0.793696275071633,0.878207045734451,0.885468585685601,0.999632757987514,0.664246448480759,0.555555555555556,0.958340756446129,0.946817898722759,0.545454545454545,0.836753851666442,0.97362790843139,0.999541199028258,0.83818168900882
"Czech Republic","CZE","High income","Europe & Central Asia",0.192504501868808,0.723312372364798,0.93870397866987,0.977202254722743,0.827411167512691,0.629784441150602,0.964912280701754,0.694682256475938,0.781445964317085,0.0024060270887031,0.720295049434247,0.574157852018957,0.792890068784811,0.784367368858356,0.0906087526030735,0.138453773453726,0.607607607607608,0.355769230769231,NA,0.5814696485623,0.915875169606513,0.193794237477695,NA,0.73972602739726,0.146711635750422,0.264623955431755,0.0260509100704677,0.602739726027397,0.250159711570714,0.745551601423487,0.111072755000249,NA,0.979942693409742,0.891236993541327,0.778608753107893,1,0.761723286018603,0.788888888888889,0.962482305887988,0.964572653778377,NA,0.948179332236023,0.886868295808697,0.955836202311702,0.936349106821799
"Denmark","DNK","High income","Europe & Central Asia",0.430616785750569,0.804124375856187,0.942921156762932,0.964864062847288,0.813874788494078,0.819142227330582,0.964912280701754,1,0.856045681847413,0.00204746189183083,0.923124930824549,0.983891787852447,0.871500017215808,0.970605222360702,0.310687724234915,0.47640321220935,1,0.271153846153846,0.146627565982405,0.816826411075612,1,0.551177622155827,0.999999999999067,0.876712328767123,0.509274873524452,1,0.0569391569522969,0.863013698630137,0.616863017287119,0.886120996441281,0.493308076975915,NA,0.871060171919771,0.955596172053076,0.888490256615348,0.997980168931326,0.902523162462156,0.922222222222222,0.999214419139582,0.999341999965674,0.931818181818182,0.594891578451023,0.875548997887726,NA,NA
"Estonia","EST","High income","Europe & Central Asia",0.356704457064096,0.789864323681143,0.970801933625478,0.928260975474975,0.768189509306261,0.728809661709742,0.87719298245614,0.960621266039971,0.827371449370136,0.0186200685408259,0.777918753220654,0.824022596043181,0.853080297487079,0.879441894397666,0.00892394914677591,0.0151243570484992,0.695695695695696,0.578846153846154,0.193548387096774,0.372736954206603,0.966078697421981,0.197764902978436,0.901602228200435,0.593607305936073,0.527824620573356,0.442896935933147,0.0138805082887283,0.452054794520548,0.77226768824948,NA,0.0752751019960681,NA,0.822349570200573,0.990723715888854,0.700445115618257,0.990818949687844,0.799418187877128,0.866666666666667,0.94765214030872,0.934177010866116,0.840909090909091,0.916173455050245,0.833257892221891,0.999902734003083,0.969769428461281
"Faroe Islands","FRO","High income","Europe & Central Asia",0.0975413580025535,NA,NA,NA,NA,NA,NA,NA,NA,NA,NA,NA,NA,NA,NA,NA,NA,NA,NA,NA,NA,NA,0.999999999895327,NA,NA,NA,0.0133100481033136,NA,NA,NA,NA,NA,NA,NA,0.687528318764132,NA,NA,NA,NA,NA,NA,0.252341947463559,NA,NA,NA
"Finland","FIN","High income","Europe & Central Asia",0.56128050152815,0.764632700964714,0.991213590224457,0.996052313704172,0.88155668358714,0.992129492357138,0.859649122807018,0.994418472204706,0.781633178080512,0.0377295884363158,0.94717537250582,1,0.904052071404419,0.873027935678025,0.092534119949702,NA,1,0.873076923076923,0.140762463343109,0.53248136315229,0.966078697421981,0.567945136287835,0.999999999984247,0.876712328767123,0.551433389544688,0.923398328690808,0.0203982028275293,0.794520547945206,0.77975580882459,0.919928825622776,0.297372587482562,NA,0.908309455587393,1,0.813950848057907,0.999265515975027,0.77255404574503,0.933333333333333,NA,NA,1,0.81133102669306,0.835683095275047,0.99969851340666,0.853380830839891
"France","FRA","High income","Europe & Central Asia",0.175247524115605,0.689306541362229,0.871357706519397,0.976905787572365,0.798646362098139,0.642482721929156,0.947368421052632,0.932075171381939,0.773021358770892,0.00580829428827787,0.839571199562533,0.776813960644604,0.766904352140594,0.802433859217152,0.0701482133516428,0.104158119983397,0.87987987987988,0.257692307692308,0.13049853372434,0.538871139510117,1,0.457604758990372,0.999999999957994,0.849315068493151,0.367622259696459,0.337047353760446,0.0299553487303491,0.753424657534246,0.53105755455541,0.875444839857651,0.435059811259146,NA,0.787965616045845,0.936577824229159,NA,0.999081894968784,0.664246448480759,0.833333333333333,0.962536782973331,0.964640541826222,0.681818181818182,0.8103774325173,0.934689207369683,0.998196779735418,0.814547963568266
"Germany","DEU","High income","Europe & Central Asia",0.184425678518161,0.756795797871483,0.969392152804707,0.997847915950956,0.849407783417936,0.597329150294913,0.894736842105263,0.980470365966416,0.816349615778547,0.00254450776402309,0.869289303969038,0.933745766650595,0.899091581812814,0.841890344610957,0.108863666038502,0.159200859871673,0.96996996996997,0.292307692307692,0.158357771260997,0.490947816826411,0.966078697421981,0.291559458947628,0.99999999996313,1,0.500843170320405,0.575208913649025,0.0479473532531828,0.794520547945206,0.291342074881942,0.895017793594306,0.300395623485468,NA,0.779369627507163,0.93430024018306,0.800819989515707,1,0.794215565197884,0.633333333333333,0.978933695646985,0.980237515751435,0.863636363636364,0.718553720773461,0.942631067901439,0.999095999369233,0.911516802536851
"Gibraltar","GIB","High income","Europe & Central Asia",0,NA,NA,0.999999976181546,NA,0.564908282251718,NA,NA,NA,NA,NA,NA,NA,NA,NA,NA,NA,NA,NA,NA,NA,NA,0.998717397499646,NA,NA,NA,NA,NA,NA,NA,NA,NA,NA,NA,0.535386798692646,NA,NA,NA,NA,NA,NA,0.80819946838112,1,NA,NA
"Greece","GRC","High income","Europe & Central Asia",0.222901685352967,0.590254602264117,0.893701697975042,0.999999976181546,0.656514382402707,0.647583351119878,1,0.807772468392554,0.670141805567979,0.0102545138528993,0.595543565342296,0.432162626384839,0.605108393633236,0.701583731039305,0.012143894682876,0.017686362303459,0.816816816816817,0.130769230769231,0.183284457478006,0.24174653887114,0.966078697421981,0.162643788595711,0.999999998917887,0.54337899543379,0.0674536256323777,0.0877437325905292,0.0277954706005932,0.465753424657534,0.540043305816548,0.750889679715303,0.191953626059327,NA,0.707736389684814,0.889670824766642,0.881971464636159,0.984024972456849,0.615649130652244,0.466666666666667,0.573540023874591,0.516384683595287,0.727272727272727,0.809223709694849,0.953068198191418,0.997562633519256,0.847400196457112
"Greenland","GRL","High income","Europe & Central Asia",0.201660121780984,NA,0.942921199200819,0.965004072115189,NA,NA,NA,NA,NA,NA,0.70232293007571,0.74202487307861,0.81312728963101,NA,NA,NA,NA,NA,NA,NA,NA,NA,0.999999999915645,NA,NA,NA,0.000107029407662165,NA,NA,NA,NA,NA,NA,0.938844546934095,0.794646080500396,NA,NA,NA,NA,NA,NA,0.528721285856277,NA,NA,0.648477123022421
"Hong Kong SAR, China","HKG","High income","East Asia & Pacific",0.0110708411408294,0.741767436805667,0.908993476662748,0.999999976181546,0.895093062605753,0.667330571222819,NA,0.920679935661565,NA,NA,0.929956090875136,0.866420654714077,1,NA,NA,NA,NA,NA,NA,NA,0.8561736770692,NA,0.993172442487587,0.894977168949772,0.777403035413153,0.477715877437326,0.172749802617987,0.671232876712329,NA,NA,0.359733355759077,NA,NA,NA,0.877841200945276,NA,NA,NA,NA,NA,NA,0.604265649784727,0.993417277771343,0.998417396244504,NA
"Hungary","HUN","High income","Europe & Central Asia",0.201991754234851,0.652596183343373,0.952195987142297,0.887799754873169,0.693739424703892,0.640982908409085,1,0.663743262298501,0.799061370057223,0.00117111817521731,0.627385843126047,0.461912755840841,0.640175961653463,0.764426340801086,0.0193058812112014,0.0325343497845957,0.537537537537537,0.128846153846154,NA,0.494142705005325,0.957937584803257,0.163853733877052,NA,0.643835616438356,0.48397976391231,0.34958217270195,0.0241624346306718,0.452054794520548,0.323947081485999,0.738434163701068,0.154485047568469,NA,0.816618911174785,0.892783733222033,0.912710149190215,0.994307748806464,0.797051705884501,0.488888888888889,0.792645782805927,0.805477794667041,0.886363636363636,0.903236302855215,0.900971537519731,0.993557667417483,0.569190427215397
"Iceland","ISL","High income","Europe & Central Asia",1,1,0.798197977895034,0.999999970055542,0.756345177664975,0.737972761752177,0.859649122807018,NA,0.815943878270539,1,0.836394209579978,0.908092268562568,0.823397414741374,0.982369212998146,0.0478743672215624,0.0829902871514022,0.155155155155155,0.978846153846154,0.101173020527859,0.301384451544196,1,1,0.999999999750018,0.589041095890411,0.369308600337268,0.838440111420613,0.00139150262197348,1,0.935313649921831,NA,0.184770027129727,NA,0.925501432664756,0.993397292301546,0.872358977121483,0.999571550985433,0.967507720820718,0.922222222222222,NA,NA,NA,0,NA,0.998600890308858,0.805425516294336
"Ireland","IRL","High income","Europe & Central Asia",0.117894789749664,0.77096364360072,0.805449839396567,0.971192759186556,0.868020304568528,0.992736997100024,0.912280701754386,0.926565138561673,0.831643027363501,0.0202596538235281,0.826713059189125,0.834254967190865,0.869651304332427,0.839032941200312,NA,NA,0.896896896896897,0.280769230769231,0.0865102639296188,0.791267305644302,0.966078697421981,0.22034801503675,0.999999999941443,0.744292237442922,NA,NA,0.0240576501808621,0.863013698630137,0.763757651492196,0.93950177935943,0.229847933643431,NA,0.753581661891118,0.97499552942505,0.825056308329312,0.995042232831436,0.750892526292176,0.988888888888889,0.984912572934117,0.984536159289679,0.75,0.746418829666933,0.853577312608044,0.999873944882991,0.87724075650539
"Isle of Man","IMN","High income","Europe & Central Asia",0.0546229612690152,NA,NA,0.969952534110756,NA,NA,NA,NA,NA,NA,NA,NA,NA,NA,NA,NA,NA,NA,NA,NA,NA,NA,0.999999999895327,NA,NA,NA,0,NA,NA,NA,NA,NA,NA,NA,NA,NA,NA,NA,NA,NA,NA,0.717350855861518,0.973781009752168,NA,NA
"Israel","ISR","High income","Middle East & North Africa",0.0481342577230525,0.825483679558011,0.930002410727284,0.993347997620696,0.795262267343486,0.652268801189826,0.982456140350877,0.851167855117298,0.82713592056597,0.000175803644242122,0.781394448717568,0.644646660119802,0.786519700622558,0.813366973685544,0.105894969108512,0.166867378769315,0.816816816816817,0.396153846153846,0.620234604105572,0.603833865814696,0.694708276797829,0.729812739842415,0.992730791012807,0.634703196347032,NA,NA,0.11573936720139,0.520547945205479,0.339868693176985,0.850533807829181,0.235877678367024,NA,0.575931232091691,0.834672758124533,0.833181074625305,0.995501285347044,NA,NA,0.973372645199513,0.96725689986728,0.795454545454545,0.703590466458909,0.917472617146109,0.829786212707181,0.920708065898047
"Italy","ITA","High income","Europe & Central Asia",0.214421877431761,0.535596285947224,0.958051009033807,0.946624734970752,0.805414551607445,0.623266213169355,0.929824561403509,0.902557189427391,0.747453234255013,0.00578160013449771,0.611699194047751,0.507338600253857,0.673145103188123,0.625872673293411,0.0407317285187696,0.0576949380266586,0.587587587587588,0.173076923076923,0.171554252199413,0.502662406815761,0.966078697421981,0.324873101461652,0.999999999818506,0.789954337899543,0.251264755480607,0.341225626740947,0.0506928311840548,0.657534246575343,0.491069609458999,0.793594306049822,0.341911318765385,NA,0.664756446991404,0.883998849633178,NA,0.982005141388175,0.490954292857924,0.555555555555556,0.869524275668497,0.874371148901857,0.886363636363636,0.821998142123365,0.964457657902251,0.999301068181461,0.80346514324006
"Japan","JPN","High income","East Asia & Pacific",0.0817523366060643,0.719009795681903,0.986286412455082,0.98336140306755,0.932318104906937,NA,0.982456140350877,0.974413686217209,0.759326556954194,0.0065062855526572,0.881292304623698,0.803699637478636,0.807582994604312,0.843835810762886,NA,NA,0.752752752752753,0.509615384615385,0.469208211143695,0.320553780617678,0.754409769335143,0.16902029695031,0.999999999982992,0.908675799086758,0.522765598650927,0.440111420612813,0.0808063921135776,0.452054794520548,0.863223847986783,0.806049822064057,0.340951508451221,NA,NA,0.937751594956448,0.79804297768184,0.995501285347044,0.870030883282874,0.722222222222222,0.853349069734587,0.863956873074588,0.659090909090909,0.925972477048404,0.975926650514838,0.992086105659995,0.975472742804784
"Korea, Rep.","KOR","High income","East Asia & Pacific",0.0351514180072071,0.720992087721214,0.998941412232695,0.980780583991494,0.934010152284264,0.603626893319656,0.982456140350877,0.918346231759665,0.872575893845752,0.00246101186681077,0.775937705855061,0.599173932278352,0.755168156894329,0.950035970858538,0.0408465482360452,NA,0.767767767767768,0.457692307692308,0.13782991202346,0.412140575079872,0.796472184531886,0.14166864023542,0.999999996929448,0.753424657534246,0.715008431703204,0.428969359331476,0.128101326101317,0.452054794520548,0.788593519934728,0.754448398576512,0.152647187250729,NA,NA,0.795701792210664,0.71368366299213,0.995501285347044,0.815877084650738,0.933333333333333,0.868469267907048,0.877467126680683,0.659090909090909,0.916596164737821,0.956127571612103,0.996534929757915,0.992179262823795
"Kuwait","KWT","High income","Middle East & North Africa",0,0.674662305432694,1,0.999999976181546,0.478849407783418,0.598945022380057,0.859649122807018,0.696312913231601,0.837309969961797,0,0.504520838497882,0.376486222783086,0.520503492166859,1,NA,NA,0.43043043043043,0.765384615384615,0.171554252199413,0.288604898828541,0.0841248303934871,0.0788180395048424,0.999910851271777,0.438356164383562,NA,NA,0.0514307013257659,0.26027397260274,0.692815842304913,0.775800711743772,NA,NA,NA,0.415339836149498,0.371593665651532,NA,0.718400247112894,0.820369041115482,NA,NA,0.159090909090909,0.748881965240608,NA,NA,0.503001412965042
"Latvia","LVA","High income","Europe & Central Asia",0.494588743114602,0.769119690539223,0.843174833539932,0.948252163647476,0.72927241962775,0.677095386238463,0.947368421052632,0.88064314639863,0.729520026649011,0.0163623966913133,0.746196935585502,0.530508172437415,0.763871409809499,0.798502396368463,0.112907795861838,0.183938368562372,0.906906906906907,0.557692307692308,0.0601173020527859,0.37912673056443,1,0.131791872717097,0.84036588573994,0.465753424657534,NA,NA,0.0123581503935512,0.383561643835616,0.72797299453475,NA,0.159512913112428,NA,0.673352435530086,0.919411086549567,0.941099229453282,0.987697392581711,0.766977397529109,0.877777777777778,0.856700356345717,0.837192640870843,0.840909090909091,0.861098008459628,0.804899858052613,NA,0.724973566114904
"Liechtenstein","LIE","High income","Europe & Central Asia",0.819611789861218,NA,0.996128111980735,0.999999976181546,NA,0.696787971969278,NA,NA,NA,NA,0.894798128400738,0.948979541822592,0.848320866716982,0.980747991204872,NA,NA,NA,NA,NA,NA,NA,NA,NA,NA,NA,NA,0.0179686862524053,NA,NA,NA,NA,NA,NA,NA,1,NA,NA,NA,NA,NA,NA,0.523176618895059,0.992741085010038,NA,NA
"Lithuania","LTU","High income","Europe & Central Asia",0.375974245165311,0.779891548835942,0.903872609153668,0.914378807355778,0.708967851099831,0.670763852012458,0.87719298245614,0.770503510676786,0.78258301709467,0.0101531861462088,0.752380819708645,0.572703306299764,0.75506662777227,0.773180938484766,0.125031170483544,0.194929482994177,0.513513513513513,0.438461538461538,0.165689149560117,0.416400425985091,0.915875169606513,0.0931443228389049,0.83638782292934,0.547945205479452,0.507588532883642,0.412256267409471,0.0169912023510182,0.342465753424657,0.582527621845265,NA,0.111592110006093,NA,0.624641833810888,0.936169626717431,0.915920665718337,0.986962908556739,0.740061766565749,0.9,0.937785927451787,0.930784934844309,0.977272727272727,0.850537044946476,0.862786180989732,NA,0.992615700715381
"Luxembourg","LUX","High income","Europe & Central Asia",0.117244581331068,0.748743824562318,0.962793027855303,0.997037409386302,0.6751269035533,0.643599831672969,1,0.982498490346853,0.806743995583794,0.00346168295528285,0.903169344710543,0.96892848007395,0.897841553184719,0.973280238319604,1,1,0.984984984984985,0.348076923076923,NA,0.741214057507987,1,0.27952909322679,NA,0.840182648401826,NA,NA,0.0337371982842376,0.835616438356164,0.253091608738107,NA,0.247284992196227,NA,0.693409742120344,0.952027693263307,0.624932919674053,0.998714652956298,0.967507720820718,0.8,0.991902489248465,0.991950433286338,0.545454545454545,0.718062353783888,0.928845564757003,0.996770226777983,0.760829855883609
"Macao SAR, China","MAC","High income","East Asia & Pacific",0.0915408477132318,0.911766110348826,NA,0.999999976181546,0.788494077834179,0.621083312094857,NA,NA,NA,NA,0.780573817138641,0.626980015147957,0.866295026802389,NA,NA,NA,NA,NA,NA,NA,NA,NA,0.99973958298138,NA,1,0.547353760445682,NA,NA,NA,NA,NA,NA,NA,NA,0.946414248557358,NA,NA,NA,NA,NA,NA,0.723744032780997,0.935039859393352,0.998729777045795,NA
"Malta","MLT","High income","Middle East & North Africa",0.0695187115727443,0.617253388185714,0.922385941736761,1,0.690355329949239,0.664063667360258,0.964912280701754,0.944422377374704,NA,0.000223797283676747,0.730247846373734,0.593140890460647,0.806181892719914,0.807601503683213,0.136054559727999,0.202910952839343,NA,0,0.131964809384164,0.660276890308839,0.848032564450475,0.430243046265341,0.927657304654567,0.429223744292237,NA,NA,0.147357354776342,0.821917808219178,NA,NA,NA,NA,0.856733524355301,0.914264924920091,0.957799172961707,0.998714652956298,0.783384805471457,0.7,0.967204494971849,0.965131945624718,0.909090909090909,0.71965132378524,0.894759466342263,NA,NA
"Monaco","MCO","High income","Europe & Central Asia",NA,NA,1,0.999999976181546,NA,NA,1,NA,NA,NA,NA,NA,NA,0.970139121095135,NA,NA,NA,NA,NA,NA,NA,NA,1,NA,NA,NA,NA,NA,NA,NA,NA,NA,NA,NA,NA,NA,NA,NA,NA,NA,NA,0.275814478850649,NA,NA,NA
"Netherlands","NLD","High income","Europe & Central Asia",0.0764570536317673,0.805077097638573,0.972047890816681,0.999472859128054,0.857868020304569,0.850420984351773,0.894736842105263,0.997800716173239,0.85381334241269,0.00125608004455142,0.918603243948507,0.949307667339188,0.955025351380345,0.931067675877233,0.0368939079265093,0.0518268561782513,1,0.171153846153846,0.145161290322581,0.370607028753994,0.966078697421981,0.662034310325152,0.999999999988357,0.945205479452055,0.640809443507589,0.785515320334262,0.1701022695528,0.958904109589041,0.174524128120569,0.903914590747331,0.344882798524828,NA,0.876790830945559,0.934240151450285,0.769176387371711,0.999081894968784,0.815877084650738,0.788888888888889,0.981558182943514,0.982989274171381,0.863636363636364,0.794176535792141,0.961167411647064,1,NA
"New Zealand","NZL","High income","East Asia & Pacific",0.399705306772208,0.904344106952619,0.874763896746067,0.999999976181546,0.802030456852792,0.714922846483155,0.894736842105263,0.989260597763108,0.797184735293194,0.13964046388895,0.880103187232916,0.990595933388324,0.952207048364578,0.906891205885035,0.0271021150766354,0.0284225363693641,0.798798798798799,0.515384615384615,0.032258064516129,0.483493077742279,0.924016282225238,0.584206779375303,0.999999999675823,0.767123287671233,0.693086003372681,0.759052924791086,0.0232536033721812,0.808219178082192,1,0.846975088967971,0.17095214210357,NA,NA,0.998991508894841,0.841159022901838,NA,0.913353922188583,0.922222222222222,NA,NA,0.772727272727273,0.642176471163515,0.893324173045391,0.966599904855013,0.764239502918257
"Northern Mariana Islands","MNP","High income","East Asia & Pacific",0,NA,NA,0.89501493482945,NA,NA,NA,NA,NA,NA,NA,NA,NA,NA,NA,NA,NA,NA,NA,NA,NA,NA,0.997178853680587,NA,NA,NA,0,NA,NA,NA,NA,NA,NA,0.957052099178538,NA,NA,NA,NA,NA,NA,NA,0.732025798140898,NA,0.988071937233844,NA
"Norway","NOR","High income","Europe & Central Asia",0.749996555800375,0.836854791825154,0.738011387889537,0.982169891905816,0.808798646362098,0.734317364343674,0.947368421052632,0.993368503825585,0.842588537012513,0.143200774269101,0.926433764821755,0.969464721412495,0.905173617655037,0.963096938930602,0.108511946150745,NA,0.642642642642643,0.786538461538461,0.0967741935483871,0.65814696485623,0.957937584803257,0.967666473039343,1,0.794520547945205,0.84822934232715,0.974930362116991,0.0332636746880647,0.904109589041096,0.839552249329386,0.919928825622776,0.641282184047378,NA,0.919770773638968,0.988333298139639,0.827543867453491,0.998163789937569,0.880861643009301,0.833333333333333,1,1,0.909090909090909,0.869525927338998,0.942689684780519,0.999594129450718,0.835378767793779
"Oman","OMN","High income","Middle East & North Africa",0,0.383668581017756,NA,0.89535646072359,0.55668358714044,0.6628496579256,1,NA,0.565490346549589,0.000669467578452843,0.563138852630582,0.50994643839595,0.552665564006737,0.799231946175437,0.0328894390249733,0.0432542568049195,0.133133133133133,0.9,0.312316715542522,0.222577209797657,0.169606512890095,NA,0.955786766999295,0.529680365296804,NA,NA,0.0073787250058072,NA,0.707627019800555,0.661921708185053,0.0913572641758648,NA,NA,0.624451213643816,0.658912631939374,NA,0.718400247112894,0.911111111111111,NA,NA,NA,0.85764170161448,0.809667999267124,0.996412465086445,0.781199355796224
"Panama","PAN","High income","Latin America & Caribbean",0.275661924168481,0.728859648138766,NA,NA,0.404399323181049,0.449304582538886,0.807017543859649,0.301741707803533,0.937765892584487,0.0674296435945315,0.519123610063699,0.310452395852454,0.593619068654408,0.573061373377512,0.038891180308914,0.0478519581993736,0.23023023023023,0.296153846153846,0.0865102639296188,0.711395101171459,0.720488466757124,0.0319677868012608,0.79395397685605,0.575342465753424,NA,NA,0.00904743750716581,0.506849315068493,0.820011070304146,0.669039145907473,0.183451355294636,0.8060046243294,0.283667621776504,0.940997722339587,0.965611791083578,0.959419757620272,0.480123533131497,0.833333333333333,0.951017332444984,0.932802450658482,0.568181818181818,0.907714488702655,0.930104643580557,0.989892940407516,0.844936055465098
"Poland","POL","High income","Europe & Central Asia",0.154635028800062,0.659741567402161,0.925355020637298,0.990919021530686,0.768189509306261,0.696512273663674,0.929824561403509,0.835888640992086,0.786444973222954,0.00271555297331207,0.664844568971432,0.608472930996476,0.707609592118307,0.756664741465787,0.0361805304428009,0.0541136885200412,0.608608608608609,0.355769230769231,0.0703812316715542,0.572949946751864,0.915875169606513,0.0548756619290953,0.867114842930397,0.684931506849315,0.239460370994941,0.306406685236769,0.0331764924471866,0.438356164383562,0.338288445240599,0.790035587188612,0.0913374214727785,NA,0.842406876790831,0.840034041900441,0.826515074047903,0.996143958868895,0.783384805471457,0.811111111111111,0.981420805920791,0.978344588367435,0.863636363636364,0.97039407405023,0.89997171810187,0.999293279543284,0.999610954436283
"Portugal","PRT","High income","Europe & Central Asia",0.352556250272165,0.745839526683152,0.830825550836445,0.949554692703054,0.817258883248731,0.757662399963877,1,0.869586182685527,0.735256226454685,0.00703585845368482,0.781544349020877,0.660412562436604,0.707780023420769,0.734433737625518,NA,NA,0.549549549549549,0.157692307692308,0.43841642228739,0,0.966078697421981,0.12235242649479,0.999999996655496,0.712328767123288,NA,NA,0.0265049300253515,0.657534246575343,0.689327525545868,0.829181494661922,0.23031788903507,NA,0.724928366762178,0.975504988647482,0.910563752409036,0.993573264781491,1,0.897263413363057,0.990208888058142,0.991392589793909,0.840909090909091,0.846565877418308,0.554628406626988,0.996204792896354,0.880131985713646
"Qatar","QAT","High income","Middle East & North Africa",0,0.783026274902307,0.956098732158906,0.958925609038243,0.544839255499154,NA,0.982456140350877,NA,0.922364854452848,0.0000438536465953534,0.658133346990577,0.629276002603023,0.645340729915969,0.973543686861011,0.165250593859069,0.180939980792448,0.6996996996997,0.884615384615385,0.0469208211143695,0.902023429179979,0.0841248303934871,0.0802453788374947,0.999997842623606,0.684931506849315,NA,NA,0.0208789090712581,0.219178082191781,NA,0.889679715302491,0.13383927823534,NA,NA,0.0910489906363855,0,NA,0.891692402735729,0.922222222222222,NA,NA,NA,0.830396964858592,NA,0.997867764201726,0.994730213384235
"Romania","ROU","High income","Europe & Central Asia",NA,0.611091500470055,0.7404804935868,0.805408640246128,0.521150592216582,0.538520354221529,0.771929824561403,0.353442295209691,0.719689710505044,0.00409942689677858,NA,NA,NA,0.632661539552745,0.019119091145455,0.0328589076008408,0.303303303303303,0.265384615384615,0.752199413489736,0.773162939297125,NA,0.0440939686431603,0.708780065106104,0.502283105022831,0.166947723440135,0.139275766016713,0.0159059850740558,0.342465753424657,0.568395754883469,0.693950177935943,0.108748709510239,NA,0.66189111747851,0.906788904094318,NA,0.937201615864855,0.815670243893065,0.855555555555556,0.907943865358224,0.906024242636049,0.909090909090909,1,0.958860152305536,0.997609226862099,0.91926360916762
"San Marino","SMR","High income","Europe & Central Asia",NA,NA,0.748063160672152,0.999999976181546,NA,0.39293191101237,0.842105263157895,NA,NA,NA,NA,NA,NA,0.59653869147136,NA,NA,NA,NA,NA,NA,0.728629579375848,NA,NA,NA,NA,NA,0,NA,NA,NA,NA,NA,NA,NA,NA,NA,NA,NA,NA,NA,NA,0.798477406035401,0.998140860251786,NA,NA
"Saudi Arabia","SAU","High income","Middle East & North Africa",0.0000775875149552998,0.245401615674698,0.753882213107121,NA,0.494077834179357,0.695302211799264,0.947368421052632,0.631439356838624,0.822680181969558,0.000149494481902089,0.592389744201219,0.538261192307605,0.498413214724122,0.818828464601635,0.0232675473958576,0.0319059958241539,0.117117117117117,0.842307692307692,0.224340175953079,0.261980830670927,0.601085481682497,NA,0.907696467222873,0.493150684931507,NA,NA,0.000432440578530461,0.191780821917808,0.635523929978473,0.752669039145907,NA,0.896073901171147,NA,0.125583732033917,0.573652499495928,NA,0.425969734499361,0.655555555555556,NA,NA,0.295454545454545,0.803152228197318,NA,0.999664530816336,0.761487280472564
"Singapore","SGP","High income","East Asia & Pacific",0.00919950871548545,0.861963550771457,1,0.999999976181546,1,0.654250428816327,0.947368421052632,0.962331432190727,1,0.000211250147173788,1,0.990553098244837,0.978278376649569,0.842437506966187,NA,0.527382913127045,1,0.282692307692308,1,0.303514376996805,0.762550881953867,NA,0.999481976259417,0.93607305936073,NA,NA,1,0.438356164383562,NA,1,0.3992996437383,NA,NA,0.859204249525678,0.85799061601477,NA,0.967507720820718,1,NA,NA,1,0.158996373442834,0.884198333242946,NA,NA
"Slovak Republic","SVK","High income","Europe & Central Asia",0.17407792189304,0.712986188325847,0.806623754015507,0.997715931283216,0.678510998307953,0.554343005259827,0.947368421052632,0.770534457447332,0.733618508502179,0.00447806824173332,0.674417699971105,0.539064588890899,0.691071692595369,0.813822942314902,0.123385440711581,0.184676825892822,0.436436436436436,0.325,NA,0.618743343982961,0.924016282225238,0.378209872200247,NA,0.520547945205479,0.36256323777403,0.268802228412256,0.0199460187473757,0.465753424657534,0.337215702331985,0.660142348754448,0.158704244606087,NA,0.97134670487106,0.875346744879069,0.877270284255092,0.992471538744032,0.909816540896322,0.788888888888889,0.926830274971246,0.927136446653393,0.772727272727273,0.939612431960472,0.914690384976344,0.999343819758955,0.764253100194452
"Slovenia","SVN","High income","Europe & Central Asia",0.271030512502195,0.734975520558839,0.812394004568965,0.979049374347767,0.83756345177665,0.71389063581665,0.894736842105263,0.952787527505213,0.786334605250481,0.017436971260633,0.763790662367317,0.665493443178247,0.657397780557812,0.786049386468878,0.0354551218517994,0.055383029136171,0.890890890890891,0.396153846153846,NA,0.556975505857295,0.915875169606513,0.134808982813395,0.98709990735655,0.589041095890411,0.0876897133220911,0.323119777158774,0.0245829080418529,0.589041095890411,0.56036550665336,NA,0.17205011264081,NA,1,0.891740496729342,0.873350562415406,1,0.998854876888627,0.766666666666667,0.877168112760697,0.885722703434166,0.931818181818182,0.849621016318361,0.968119905030348,0.978817609863406,0.751221089271357
"Spain","ESP","High income","Europe & Central Asia",0.211010818099825,0.707254499660266,0.962610572886019,0.983229930597494,0.761421319796954,0.794538127340707,0.947368421052632,0.92811858709236,0.779830305199136,0.00460724820152939,0.737370390100895,0.601515992762228,0.721653160004339,0.843977667669798,0.0300095783865887,0.0425114431654495,0.914914914914915,0.2,0.215542521994135,0.502662406815761,0.966078697421981,0.366324359083514,0.999999999553686,0.812785388127854,0.220910623946037,0.541782729805014,0.0272508407579611,0.890410958904109,0.385846707618136,0.788256227758007,0.298690922999917,NA,0.699140401146132,0.959129940279943,0.89648176279236,0.987513771575468,0.675077208207186,0.9,0.987041473991008,0.988655871589192,0.863636363636364,0.859957300242523,0.890818649197456,0.999855594121726,0.807604362159761
"Sweden","SWE","High income","Europe & Central Asia",0.691262944815296,0.850039199829474,0.926759149628426,0.999354384603435,0.857868020304569,0.970634709225824,0.964912280701754,0.996542610924527,0.847934887594621,0.0339632904329675,0.914439372101603,0.98184384023656,0.914260915510165,0.95450446342625,0.162345444484585,0.235352130134569,1,0.792307692307692,0.12316715542522,0.663471778487753,1,0.590968793706486,0.999999999995457,0.945205479452055,0.704890387858347,0.845403899721448,0.0225335087113821,0.863013698630137,0.758827196187366,0.916370106761566,0.680624124401044,NA,0.868194842406877,0.996555623635768,0.920201759946079,0.993940506793977,0.750892526292176,0.6,0.998387455517369,0.998401319201697,0.954545454545455,0.850941808908824,0.841085923364508,NA,0.893801297752275
"Switzerland","CHE","High income","Europe & Central Asia",0.328340720874795,0.875024977769227,0.994903604997132,0.951098799310785,0.802030456852792,0.631666116298618,0.947368421052632,0.973355941470105,0.837095202420913,0.00950124007024847,0.95901339623815,0.949478116752026,0.906858351918009,0.895491990151078,0.32988385552074,0.374645604975048,0.966966966966967,0.432692307692308,NA,0.59531416400426,0.80461329715061,0.215934117455407,NA,0.872146118721461,0.949409780775717,0.766016713091922,0.0391787188931743,0.794520547945206,0.625663683040355,0.923487544483986,1,NA,0.756446991404011,0.952683230718686,0.926628866388121,1,0.92418468191501,0.8,0.970268738616137,0.971608322573295,0.977272727272727,0.644287120795262,0.979468768311134,0.999744164005436,0.762518209111916
"Taiwan, China","TWN","High income","East Asia & Pacific",NA,NA,NA,NA,NA,NA,NA,0.907348622365454,NA,NA,0.814320689567881,0.70473070195839,0.816047926731184,NA,NA,NA,0.0700700700700701,0.403846153846154,0.155425219941349,1,0.881953867028494,NA,0.997178853680587,0.753424657534246,0.733558178752108,0.399721448467966,0.13403891791636,0.561643835616438,NA,NA,NA,NA,NA,NA,NA,NA,NA,NA,NA,NA,0.681818181818182,0.950441594098064,NA,NA,NA
"United Arab Emirates","ARE","High income","Middle East & North Africa",0.0017799376771204,0.712571288628823,0.958847637415751,NA,0.619289340101523,0.648066481083052,1,0.823088739291727,NA,0.0000313506092515064,0.829052914807069,0.735621672645814,0.717657963084842,0.947512944442756,NA,NA,0.767767767767768,0.892307692307692,0.165689149560117,0.145899893503727,0.407055630936228,0.299036140869807,0.999271505357982,0.863013698630137,NA,NA,0.0386002248087192,NA,0.672472896804188,0.806049822064057,0.144623614725073,NA,NA,0.62655755253423,0.449159568916849,1,0.77255404574503,0.9,NA,NA,0.227272727272727,0.74866275459093,NA,0.999921648199279,0.483861141494804
"United Kingdom","GBR","High income","Europe & Central Asia",0.113095167126172,0.792753204970832,0.975159233738819,0.999879237566738,0.825719120135364,0.75731469797709,0.912280701754386,0.942520896701423,0.730535980807217,0.00432246233717568,0.809952417477285,0.903837509012239,0.902191725516771,0.945486417201163,0.267289586294412,0.343155494547466,0.984984984984985,0.275,0.0821114369501466,0.779552715654952,0.966078697421981,0.380225910325097,0.999999999907313,0.917808219178082,0.344013490725126,0.530640668523677,0.0225656708922877,0.835616438356164,0.166065010083799,0.852313167259786,0.361652307177736,NA,0.696275071633238,0.950876638761172,0.88242573210882,0.997429305912596,0.664246448480759,0.918476808773519,0.987455482810946,0.987879140788755,0.840909090909091,0.822416149728456,0.878632093506803,0.998120716779221,0.697941400866439
"United States","USA","High income","North America",0.113163326464905,0.774543985306642,0.889009543392024,0.989258805916342,0.793570219966159,0.608933638311204,0.912280701754386,0.846263426791399,0.74562616041821,0.017049598535987,0.860181090568256,0.77970349109687,0.868062386555488,0.870971010527809,0.0351304388749967,0.0453096296946032,0.588588588588589,0.534615384615385,0.0498533724340176,0.538871139510117,0.881953867028494,0.588271940666003,0.999999999990434,0.876712328767123,0.408094435075885,0.486072423398329,0.0136945294695391,0.767123287671233,0.746716031651061,0.934163701067616,0.207877364284213,NA,0.515759312320917,0.983508464025211,0.623345445733452,0.987146529562982,0.664246448480759,0.877777777777778,0.944532620906415,0.937810102244515,0.795454545454545,0.580054603971944,0.858230774328215,0.931982979769358,0.829250371389538
"Uruguay","URY","High income","Latin America & Caribbean",0.753242571484633,0.759700037132438,NA,NA,0.519458544839255,0.760023625944717,0.859649122807018,0.465559548595428,0.752509194238704,0.0522164994233089,0.642533388471653,0.762575790652239,0.62660588041095,0.678592779483438,NA,NA,0.02002002002002,0.415384615384615,0.0483870967741935,0.624068157614483,0.848032564450475,0.17700545987386,0.912413100422278,0.356164383561644,NA,NA,0.00592048860803868,0.821917808219178,0.78608442687895,0.740213523131672,0.109713591302552,NA,0.555873925501433,0.963636500739568,0.983680801460828,0.998163789937569,0.588084574322763,0.866666666666667,0.987221269974652,0.986278804863044,0.75,0.91047301396268,0.789385307138938,0.982323604583167,1
