country,iso3,income,region,EG.FEC.RNEW.ZS,EN.POP.SLUM.UR.ZS,SL.TLF.CACT.FE.ZS,SH.STA.SMSS.ZS,SH.H2O.SMDW.ZS,HD.HCI.OVRL,SI.POV.GINI,SE.SEC.ENRR,SH.IMM.IDPT,account.t.d.7,NY.ADJ.SVNG.GN.ZS,EN.ATM.PM25.MC.M3,ER.H2O.INTR.PC,NY.GNP.MKTP.CD,EN.ATM.GHGT.KT.CE,EN.ATM.CO2E.PC,pov_1016,gov_effect,cont_corr,reg_qua,sdg9_intuse,water_efficiency_FAO,water_efficiency_ceo,WWT.new,BHV.new,FSH.new,GIB.new,sec_aparat,ref_idp,wbl,risk_to_assets,risk_wellbeing,agri_value,Tenure.insecurity,waste_managed,waste_rate,lpi_score,conf_gov,trust_ppl,agri_land,LGBT_acc,wat_qua,food_sec,forest_loss,pop_dis,rain_exp,gini_ghg
Afghanistan,AFG,Low income,South Asia,18.42347717,62.70000076,21.41600037,NA,NA,0.389,NA,55.42520905,66,13.80250263,10.1256255,56.91080835,1412.912141,20033093818,18168.86,0.245101422,NA,-1.457285285,-1.496834159,-1.130191207,13.5,NA,NA,NA,57.7,NA,50.6,9.932962648,9.3,38.1,NA,NA,1843.043,24,NA,0.456211044,2.04,NA,NA,100.0936407,2.7,-1.3888764,NA,0.883512913,3.41128225,21.218522,1102605.987
Albania,ALB,Upper middle income,Europe & Central Asia,38.61521047,NA,46.79899979,39.85545028,70.02314984,0.621,33.2,95.08659363,99,22.75102806,-0.695497452,18.20060252,9310.845162,12228769170,8898.640911,1.577162624,1.1,0.114787988,-0.521921396,0.26844123,71.847,6.274579,NA,2.7,39.6,8.9,36.4,5.072585756,2.935241015,91.3,0.962208379,1.40311783,5507.84,18,55.3323968,1.114510255,2.62,14.1,2.8,1254.479788,3.5,-1.5675865,NA,6.019220231,3.16538425,21.529306,1374228.862
Algeria,DZA,Lower middle income,Middle East & North Africa,NA,NA,14.58500004,17.68747717,NA,0.523,NA,NA,91,34.97080231,21.22731265,38.8840107,289.0270904,2.05149E+11,176471.2268,NA,0.4,-0.443924606,-0.630162418,-1.262539625,47.691,14.355732,16.02019462,33.1,75.4,8.1,41,6.317766828,7.1,57.5,0.415336514,0.740955118,17908.57,16,41.9305521,0.85631919,2.56,NA,NA,225.6640696,4.1,-3.0123152,59.8,12.93494341,0.114143847,3.658801,1162507.475
American Samoa,ASM,Upper middle income,East Asia & Pacific,0.885478202,NA,NA,NA,12.5750831,NA,NA,NA,NA,NA,NA,12.47382024,NA,NA,58.76551929,NA,NA,0.551414788,1.845797896,-0.285963178,NA,NA,NA,NA,NA,NA,NA,NA,NA,NA,NA,NA,NA,NA,NA,0.959392508,NA,NA,NA,934.6963724,NA,NA,NA,NA,NA,NA,NA
Andorra,AND,High income,Europe & Central Asia,19.74780863,NA,NA,99.99999628,90.63999663,NA,NA,NA,99,NA,NA,10.30762139,3984.194514,NA,NA,6.072370208,NA,NA,NA,NA,91.567,NA,NA,NA,NA,NA,NA,NA,NA,NA,NA,NA,NA,NA,NA,1.46530452,NA,48.7,25.5,0,4.9,NA,NA,0.466766067,NA,NA,NA
Angola,AGO,Lower middle income,Sub-Saharan Africa,49.56821033,55.5,76.14199829,NA,NA,0.361,51.3,50.67147827,63,NA,-27.39789731,32.38850491,5493.326925,1.17631E+11,41657.16485,1.202860579,NA,-1.052086353,-1.144679189,-0.875038564,14.339,NA,NA,NA,67.2,14.7,53.9,7.082236505,6.2,73.1,0.146810974,0.47384651,NA,NA,29.2849859,0.471629213,2.18,NA,NA,70.80818887,3.7,0.37388033,45.5,5.182820545,0.932594105,4.50377,2823790.464
Antigua and Barbuda,ATG,High income,Latin America & Caribbean,0,NA,NA,NA,NA,NA,NA,111.1960373,95,NA,NA,18.62234285,561.785614,1160321815,552.7479143,5.896558655,NA,-0.006009565,0.276687413,0.414216101,76,112.242188,100.8975491,1.3,34,5,22,5.7,2.6,66.3,9.861106167,23.00855437,NA,NA,94.1836448,0.887741109,NA,NA,NA,731.2606689,NA,NA,NA,NA,NA,NA,2099188.047
Argentina,ARG,Upper middle income,Latin America & Caribbean,10.04007761,16.70000076,50.8219986,NA,NA,0.611,41.4,108.7335968,86,38.0612793,4.452039909,13.31183395,6843.295562,5.32229E+11,380295.3204,4.619085482,1.316666667,0.025987763,-0.070269272,-0.285696179,74.295,13.664951,13.63393897,5.9,58.9,3.2,36.2,5.2,2,76.3,0.433852272,0.697381378,NA,16,87.5920263,1.170515597,2.93,29.3,19.2,328.8867182,6.9,-2.9442968,70.8,15.14127099,0.192366445,5.46363,1399513.764
Armenia,ARM,Upper middle income,Europe & Central Asia,15.79200384,14.39999962,47.09000015,48.22316687,86.47635485,0.572,34.4,86.47232819,92,34.41927338,0.586939369,32.52811834,2355.099895,11042356185,12319.38961,1.755976031,1.271428571,-0.024339372,-0.349144131,0.331385225,64.745,3.259835,4.164280049,8.8,48,NA,23,5.2,6.1,82.5,0.703631347,0.98364936,7206.593,14,NA,0.476312758,2.51,24.5,24.9,775.7892067,2.2,-3.5096718,NA,0.617995084,2.175823167,16.221315,896339.5538
Aruba,ABW,High income,Latin America & Caribbean,6.726747566,NA,NA,NA,NA,NA,NA,NA,NA,NA,NA,NA,NA,2418547486,NA,8.426910901,NA,1.05839169,1.252210736,0.856631219,NA,NA,NA,NA,NA,NA,NA,NA,NA,NA,NA,NA,NA,NA,99.0588872,2.399157303,NA,NA,NA,0,NA,NA,NA,NA,NA,NA,NA
Australia,AUS,High income,East Asia & Pacific,9.18050296,NA,60.38399887,75.63987157,NA,0.803,NA,132.7728882,95,99.2878418,6.059513861,8.550324401,20957.85401,1.49913E+12,761686.2739,15.53922046,0.4,1.596494913,1.806459665,1.903536916,86.545,71.785482,78.12785889,92.7,73.4,3.4,62.5,3,1.8,96.9,0.199711905,0.258307381,107885,13,100,1.570432543,3.77,30.3,48.5,78.14002138,7.3,-1.3273738,81.4,14.45285714,0.10036985,6.396991,1968169.451
Austria,AUT,High income,Europe & Central Asia,34.39499175,NA,55.04600143,96.74673828,98.90620097,0.793,29.7,99.95783997,85,97.90660095,13.40953914,12.47796673,6435.491337,4.09839E+11,90460.21029,7.033335706,0.485714286,1.453342438,1.59649229,1.53204906,87.936,100.531104,113.164636,94,54.7,NA,42.7,1.9,4.7,94.4,0.220110096,0.269595397,33827.95,5,NA,1.574798966,3.99,38.4,49.8,1728.946385,6.8,-4.5195793,81.7,7.439476262,0.059184154,13.304603,4530595.829
Azerbaijan,AZE,Upper middle income,Europe & Central Asia,2.310757686,NA,63.6590004,NA,73.56433145,0.597,NA,94.77548981,95,18.13517952,8.856241453,19.92866362,851.0679356,65416863544,56537.08178,3.855347182,NA,-0.100467414,-0.828699112,-0.300652713,79,3.69519,3.059941794,3.8,44.4,NA,27.7,5.938549972,6.8,78.8,0.258270446,0.418131019,2197.628,6,NA,0.853044515,2.45,89.6,26.3,636.4396141,1.7,-2.6884947,64.8,0.586987799,0.2989018,16.753622,1157061.197
"Bahamas, The",BHS,High income,Latin America & Caribbean,1.210512884,NA,68.18499756,NA,NA,NA,NA,69.47309113,90,NA,3.402162623,17.36772049,1888.660751,10609680000,4865.206767,4.725277895,NA,0.53914994,1.131269693,0.180452675,85,NA,NA,1.4,62.3,9.9,NA,5.2,2.7,81.3,NA,NA,NA,NA,99.2438778,1.91701186,2.65,NA,NA,2540.32637,NA,NA,NA,NA,NA,NA,2180725.405
Bahrain,BHR,High income,Middle East & North Africa,0,NA,44.87099838,96,98.98326213,0.668,NA,97.11241913,99,75.82198334,20.4250882,70.81620768,2.993843908,29741912500,32849.10573,22.22898097,NA,0.17987743,-0.14729096,0.416922599,95.878,76.137854,70.07250157,86.9,69.7,NA,77,6.165129158,2,46.3,NA,NA,NA,NA,89.7352985,1.876264045,3.06,NA,NA,4913.300853,NA,NA,NA,NA,NA,NA,905410.1121
Bangladesh,BGD,Lower middle income,South Asia,34.74706901,55.09999847,36.10100174,NA,55.44122639,0.479,32.4,72.55812836,98,40.07873154,24.51868553,60.84578458,679.5229518,1.44642E+11,183300.5624,0.533298791,16.95,-0.748399317,-0.905127943,-0.832866848,15,5.706193,NA,NA,44.7,19.6,62.2,7.3,7.6,49.4,2.233134136,3.200437416,992.2584,28,12.9694703,0.266573034,2.6,81.1,12.9,2641.258552,4.8,-2.1778034,53.2,9.034216557,3.8561723,31.407295,789095.5436
Barbados,BRB,High income,Latin America & Caribbean,2.786358206,NA,61.97800064,NA,NA,NA,NA,102.7071991,95,NA,NA,23.0801758,280.874221,4437596600,1540.615709,4.465128973,NA,0.426972657,1.411579013,0.543921828,81.761,51.806306,NA,1.1,39.2,18.4,49.6,4.653168549,1.6,76.9,NA,NA,NA,NA,95.9266472,1.750010225,NA,NA,NA,4148.212285,NA,NA,NA,NA,NA,NA,2880404.616
Belarus,BLR,Upper middle income,Europe & Central Asia,6.770869532,NA,58.14699936,80.51576593,94.5213903,NA,25.2,102.4395294,97,74.41339111,14.48575947,18.76557991,3588.575706,64182720883,109647.2388,6.133707568,0,-0.301030338,-0.19228591,-0.651869774,74.436,31.951204,37.68406164,7.2,55.1,NA,26.4,5.451860101,2.7,75.6,0.345779977,0.48974396,11665.3,10,NA,1.266908156,2.54,50,40,921.4688275,3.5,-3.6729355,70.9,9.267748341,0.1914545,1.252709,585356.4724
Belgium,BEL,High income,Europe & Central Asia,9.201640531,NA,48.65499878,97.10018224,99.52318898,0.757,27.4,155.9610748,98,98.85673523,12.09976171,12.88651847,1070.562849,5.07695E+11,133373.684,8.550513254,0.128571429,1.171748161,1.510498047,1.268754721,87.68,104.302246,117.3485953,67.9,43.8,9,47.1,2.9,2,100,0.059005728,0.076050104,57736.05,13,100,1.173506038,4.05,NA,NA,4776.740165,7.9,-12.870683,80.7,10.36650358,0.002148401,6.231018,3806560.81
Belize,BLZ,Upper middle income,Latin America & Caribbean,35.0236296,10.80000019,49.65999985,NA,NA,NA,NA,86.38567352,96,NA,-2.117944514,23.01189211,43184.6867,1402700000,1569.858503,1.542847448,NA,-0.593888402,-0.138195112,-0.650181949,47.083,NA,NA,0.6,57.2,19.8,17.7,7.097421042,2.8,79.4,1.382719786,3.782053387,4981.569,NA,71.1511432,0.792600909,NA,NA,NA,970.9002992,NA,NA,NA,NA,NA,NA,893520.0193
Benin,BEN,Lower middle income,Sub-Saharan Africa,NA,61.5,68.64099884,NA,NA,0.406,47.8,59.04251862,76,31.85289001,0.889330321,38.99995876,1001.27911,11074624287,33533.09673,NA,51.4,-0.565986633,-0.385964125,-0.336908609,20,NA,NA,NA,50.2,11.7,37.2,5.6,4.8,74.4,0.24515385,0.581253272,NA,35,17.152189,0.348944086,2.65,NA,NA,700.4319488,3.6,-0.01389409,51,23.1476818,1.901428714,7.318422,330259.5157
Bermuda,BMU,High income,North America,2.359588007,NA,NA,NA,NA,NA,NA,76.95237732,NA,NA,NA,11.64635919,NA,6661617000,632.8769921,9.486460947,NA,1.387551308,1.23879683,0.823880613,NA,NA,NA,NA,NA,NA,NA,NA,NA,NA,NA,NA,NA,NA,100,3.55469426,NA,NA,NA,7147.16845,NA,NA,NA,NA,NA,NA,10525926.97
Bhutan,BTN,Lower middle income,South Asia,86.90454832,NA,58.65100098,NA,36.16311107,NA,37.4,90.09468079,97,NA,23.64683195,37.9265032,108475.5568,1639170542,3296.963725,1.712274453,2.2,0.358897328,1.646751285,-0.33997646,48.106,5.968369,NA,NA,52.3,NA,44.5,3.6,6.1,71.9,2.302979313,3.116201105,NA,NA,NA,0.455165986,2.25,NA,NA,405.4211286,4.1,1.2880363,NA,0.799188533,0.7645095,2.216714,497175.7893
Bolivia,BOL,Lower middle income,Latin America & Caribbean,17.53818183,43.5,63.38100052,22.93827129,NA,NA,42.2,89.72425079,83,42.82783127,0.751057542,21.5689866,28347.22067,25455219538,621726.7268,1.958514344,6.866666667,-0.322099388,-0.621978879,-0.908003509,43.832,13.12855,NA,3.5,65.8,NA,45.2,6.2,3.3,82.5,0.4855594,0.893943883,1808.615,24,NA,0.581208726,2.36,23.4,8.5,112.6088979,5.4,-1.0565151,57.7,8.810338464,2.218803526,14.891022,40942.7783
Bosnia and Herzegovina,BIH,Upper middle income,Europe & Central Asia,40.75006023,NA,35.52000046,21.5549701,88.8418949,0.618,NA,NA,73,47.50242996,NA,27.74766896,10194.98556,17361713310,27108.4002,6.451938373,0.1,-0.61853981,-0.571863711,-0.211069241,64.892,NA,NA,1.1,49,NA,32.8,5.313132802,6.9,85,0.604727545,0.953890325,7623.08,8,59.7336779,0.991989117,2.76,18.3,9.6,507.9129209,3.1,-0.82029058,NA,1.131306404,3.311375917,24.662994,640455.1054
Botswana,BWA,Upper middle income,Sub-Saharan Africa,28.87982699,NA,65.21800232,NA,NA,0.424,53.3,NA,95,34.66673279,23.39258362,23.09438618,1149.087385,14164609541,82110.27676,2.935373787,14.5,0.333441079,0.748641729,0.453949004,47,70.997888,83.10369049,1,72.5,NA,100,3.655584307,3.6,63.8,0.281828609,0.444746668,NA,30,NA,0.293958884,2.96,NA,NA,14.62755129,4.5,-1.078177,63.8,2.48471484,1.241444,25.357905,172507.1465
Brazil,BRA,Upper middle income,Latin America & Caribbean,43.7903892,22.29999924,54.35800171,49.27578709,NA,0.56,53.9,NA,87,56.62524033,5.440248602,12.70662947,27919.19374,2.40368E+12,2989417.957,2.242393446,3.55,-0.447437376,-0.39996767,-0.323961109,67.471,22.035876,30.81993975,49.3,63.1,8.3,24.7,7.1,3.6,81.9,0.185391777,0.266752769,11819.53,23,91.4755198,1.089556393,3.02,22.5,6.5,664.2362897,6.8,-3.2143369,70.1,10.88924355,1.02153475,5.868249,804063.2965
British Virgin Islands,VGB,High income,Latin America & Caribbean,1.229135669,NA,NA,NA,NA,NA,NA,78.29036713,NA,NA,NA,NA,NA,NA,NA,7.245307443,NA,NA,NA,NA,NA,NA,NA,NA,NA,NA,NA,NA,NA,NA,NA,NA,NA,NA,99.9584716,2.870786517,NA,NA,NA,122.200735,NA,NA,NA,NA,NA,NA,NA
Brunei Darussalam,BRN,High income,East Asia & Pacific,0.014935036,NA,57.94100189,NA,NA,NA,NA,92.09571838,99,NA,35.55358972,5.903065468,20743.39445,18590749040,14828.96701,18.25638399,NA,1.252714276,0.795430362,0.686816394,94.867,NA,NA,6,58.8,9.3,11.1,4.5,1.3,53.1,NA,NA,43561.55,NA,99.2308561,1.435393258,2.78,NA,NA,3490.314264,NA,0.16134566,NA,5.185070722,NA,NA,1253677.956
Bulgaria,BGR,Upper middle income,Europe & Central Asia,17.65007793,NA,49.33499908,64.41371232,96.94593519,0.676,40.4,96.82090759,92,54.54768372,12.22952719,19.14913234,2907.001694,53311098555,67942.69563,5.851501062,2.185714286,0.271875739,-0.151538402,0.589742541,63.41,7.926179,10.16767655,13.9,44.8,12.9,50.3,4.6,4,90.6,0.224646719,0.31146562,10266.27,9,68.525726,1.177914012,3,19.9,17.1,720.0046129,4.6,-4.3148824,66.2,2.985482031,0.069490167,6.10154,784647.9751
Burkina Faso,BFA,Low income,Sub-Saharan Africa,74.16718786,65.80000305,58.45999908,NA,NA,0.369,NA,41.31110001,91,26.74180794,-6.700878348,42.93559251,710.7919889,12243495999,43910.40239,0.183287285,43.8,-0.578342915,-0.112944409,-0.371587396,16,8.908234,NA,NA,53,NA,55.2,8.7,7,79.4,0.227518369,0.314803818,NA,44,NA,0.399425853,2.63,NA,NA,220.5881051,3,0.0026739,50.1,99.25612168,3.145045571,8.813866,278829.0549
Burundi,BDI,Low income,Sub-Saharan Africa,95.67892425,57.90000153,80.47200012,NA,NA,0.38,NA,45.09125137,90,NA,-19.70803009,38.89626795,1021.911468,2326791660,6254.371024,0.047201096,72.8,-1.419981599,-1.450812697,-0.977894247,2.661,NA,NA,NA,48.5,NA,20.8,8.3,8.5,73.1,0.358786694,0.628682764,257.6461,NA,NA,0.780007133,2.22,NA,NA,608.3982535,2.7,-1.0168824,34.3,5.147307503,2.137621375,8.851059,372026.4838
Cabo Verde,CPV,Lower middle income,Sub-Saharan Africa,26.5797159,NA,53.0530014,NA,NA,NA,42.4,88.15511322,98,NA,15.05314777,34.7787001,578.8499795,1667229960,NA,1.021783088,3.4,0.319239318,0.767450929,-0.239430025,57.162,NA,NA,20.9,45.2,20.7,15.2,5.081616017,3.9,86.3,NA,NA,4484.212,NA,26.2683443,0.724437196,NA,NA,NA,544.8808361,NA,NA,NA,NA,NA,NA,NA
Cambodia,KHM,Lower middle income,East Asia & Pacific,64.92377591,55.09999847,76.27600098,NA,25.84554879,0.493,NA,NA,92,14.30406284,9.039929132,25.61429187,7895.510577,13324765052,127399.5869,0.629141866,NA,-0.568605006,-1.32573545,-0.499217749,32.447,NA,NA,NA,49.1,11.3,79.2,6.7,4.8,75,NA,NA,NA,35,13.0222501,0.200500285,2.66,NA,NA,858.694803,4.8,1.5894821,49.4,26.2687751,6.538287824,3.196043,104590.3317
Cameroon,CMR,Lower middle income,Sub-Saharan Africa,76.53840041,37.79999924,71.27200317,NA,NA,0.394,NA,60.05815887,67,24.98012543,1.402205477,72.79309622,12036.05101,28657387670,100922.1362,0.346522621,26,-0.799652517,-1.151188374,-0.798303783,23.203,NA,NA,NA,63.1,10.5,79.7,8.2,8.6,56.9,0.259753739,0.617264615,NA,32,18.5835909,0.4242356,2.43,NA,NA,674.421431,2.9,0.42087835,49.9,4.206870156,0.138318477,32.911055,283955.4209
Canada,CAN,High income,North America,22.02535921,NA,60.98099899,82.31639797,98.86085405,0.799,33.3,114.1235123,91,99.77783203,6.660047297,6.428383133,80423.42794,1.79624E+12,1027063.855,15.09005647,0.35,1.716108322,1.828014135,1.706835151,91,41.865775,45.80650578,67.4,82.4,11,50.6,3.1,1.9,100,0.092219278,0.125035462,94859.15,14,100,1.983823474,3.81,NA,NA,532.5011474,8.2,-2.183346,82.4,10.25951351,0.04602038,9.421192,1748904.88
Cayman Islands,CYM,High income,Latin America & Caribbean,0,NA,NA,NA,NA,NA,NA,77.03900909,NA,NA,NA,NA,NA,2905095125,NA,8.732487334,NA,1.204365969,0.496425956,0.976407588,NA,NA,NA,NA,NA,NA,NA,NA,NA,NA,NA,NA,NA,NA,99.99888,2.848295238,NA,NA,NA,65.10734296,NA,NA,NA,NA,NA,NA,NA
Central African Republic,CAF,Low income,Sub-Saharan Africa,76.56702001,93.30000305,64.50299835,NA,NA,NA,NA,17.13537979,47,9.202413559,NA,56.82849738,31584.7833,2521348254,515134.0786,0.065457798,NA,-1.720416784,-1.233546019,-1.367175698,4.339,NA,NA,NA,65.5,NA,NA,8.3,10,71.3,0.542470461,1.049128163,NA,NA,NA,0.68802306,NA,NA,NA,195.2933069,2.8,1.1394873,NA,1.673971355,0.236455733,13.777966,4894.547573
Chad,TCD,Low income,Sub-Saharan Africa,89.35739557,88.19999695,63.95399857,NA,NA,0.293,NA,20.55504036,46,14.14359951,NA,66.0292055,1097.810607,12067690556,109796.02,0.069755686,38.1,-1.528846622,-1.41056788,-1.110758066,6.5,NA,NA,NA,67,NA,NA,9.2,9.2,66.3,0.239980926,0.504963005,NA,19,NA,0.321101288,2.34,NA,NA,47.66045461,2.8,0.07027044,36.9,11.34601332,7.215359889,5.712889,109910.0911
Channel Islands,CHI,High income,Europe & Central Asia,NA,NA,50.86899948,90,91.975,NA,NA,NA,NA,NA,NA,NA,NA,NA,NA,NA,NA,NA,NA,NA,NA,NA,NA,NA,NA,NA,NA,NA,NA,NA,NA,NA,NA,NA,99.99999999,3.054684161,NA,NA,NA,0,NA,NA,NA,NA,NA,NA,NA
Chile,CHL,High income,Latin America & Caribbean,24.88255427,9,51.60800171,77.46482309,98.63916973,0.674,44.4,102.3675537,95,66.87198639,2.11876147,21.03629906,49834.00209,2.5452E+11,120687.8924,4.713171921,0.433333333,1.084033728,1.046754003,1.337389708,82.327,6.410953,NA,71.9,68.4,16.6,46.2,4.1,1.9,77.5,0.959290135,1.560810887,12072.31,23,93.0349912,1.088248009,3.28,36.3,12.9,546.4228851,6.7,-2.0041983,75.5,10.52111979,1.610240178,65.615003,2108911.518
China,CHN,Upper middle income,East Asia & Pacific,12.41335257,25.20000076,61.05500031,72.08227202,NA,0.673,38.5,NA,99,68.35025787,18.68046339,52.66459583,2061.908566,8.51241E+12,12454710.61,7.175809897,4.3,0.477128386,-0.271265149,-0.185244352,54.3,20.803517,18.42461632,9.4,57.6,18,77.3,5.799054614,4,75.6,0.315383601,0.424606118,NA,11,25.6907894,0.43057492,3.6,94.6,63.5,1189.064906,3.9,-4.2461993,71,6.09305799,6.5664372,12.929374,683469.3047
Colombia,COL,Upper middle income,Latin America & Caribbean,23.56475752,13.10000038,57.2159996,16.98648896,73.23342574,0.593,50.4,97.50623322,92,35.01956558,0.132216348,16.52721022,45669.6778,3.56797E+11,173411.7679,2.030378008,5.857142857,-0.085226238,-0.287409842,0.317388803,62.26,19.169675,NA,25.6,56.4,15.8,57.2,7.231934368,7.9,81.9,1.342497054,2.203056448,6352.455,24,78.5152977,0.735445319,2.81,11.9,4.5,337.9552541,5.9,-3.6035975,69.4,5.304423963,1.16103555,26.590772,2057512.978
Comoros,COM,Lower middle income,Sub-Saharan Africa,45.33305239,69.59999847,36.40499878,NA,NA,0.409,NA,59.46886063,91,NA,2.204243206,20.5468246,1580.215699,1014150701,564.2206617,0.253503052,19.1,-1.639134169,-0.816506922,-1.110870481,8.478,NA,NA,0.1,35.6,18.6,28.8,6.5,5.8,58.8,0.2461433,0.434205025,NA,32,17.1269344,0.328848215,2.51,NA,NA,554.3721297,NA,NA,NA,NA,NA,NA,1797436.305
"Congo, Dem. Rep.",COD,Low income,Sub-Saharan Africa,95.81769971,74.80000305,61,NA,NA,0.369,NA,46.16579056,57,17.39027596,0.084120662,44.9092636,12200.50356,27710051938,802271.3028,0.025644617,77.2,NA,NA,NA,8.62,NA,NA,NA,74,NA,82,8.5,10,NA,0.841294673,1.564929196,NA,NA,15.4723575,0.513206916,2.33,NA,NA,127.6697303,3.4,0.52694712,35.7,7.319961753,0.086530088,16.832551,34539.50283
"Congo, Rep.",COG,Lower middle income,Sub-Saharan Africa,62.40211902,46.90000153,67.62200165,NA,45.35481307,0.42,NA,NA,75,18.15817642,NA,46.63822028,46865.36173,16736418820,35743.91852,0.65889694,38.2,-1.217235804,-1.358974218,-1.329744816,8.65,NA,NA,0.3,73.3,11.4,63.5,7.274583094,6.7,46.3,0.57208186,1.242944723,NA,40,23.0625881,0.478539694,2.38,NA,NA,43.25304448,3.1,0.1047444,NA,2.978890952,1.1011005,3.777381,468231.2268
Costa Rica,CRI,Upper middle income,Latin America & Caribbean,38.73341388,5.5,48.04600143,NA,93.80279699,0.619,48,141.3639832,94,58.03123093,16.6239718,15.7259203,23564.26873,44992549183,12274.13409,1.637646665,1.557142857,0.378186762,0.551431715,0.488890439,71.391,16.315257,16.39354393,9.7,43.4,10.8,45.5,3.832739195,3.4,80,0.384827416,0.687473308,10926.55,17,83.9527272,0.862019747,2.74,NA,NA,1836.739133,6.1,-1.1074438,70.1,6.259229807,0.960161882,18.779741,3665639.372
Côte d'Ivoire,CIV,Lower middle income,Sub-Saharan Africa,64.52802565,56,48.06999969,NA,36.54910371,0.353,41.5,54.61299133,86,34.16768646,NA,25.88626634,3392.841555,25926661657,33502.16024,0.406063977,29.8,-0.570518613,-0.499305129,-0.200434402,43.84,23.167314,29.65075751,0.6,49.6,16.9,43.5,7.1,6.9,83.1,0.208610164,0.37014886,2945.009,28,18.3759782,0.611440371,2.89,NA,NA,344.3663183,3.1,-0.05592128,52.3,20.34319711,0.021616078,16.002115,773880.2953
Croatia,HRV,High income,Europe & Central Asia,33.12746664,NA,45.52399826,58.49694085,89.95941127,0.723,30.4,100.0797729,93,80.99702454,14.22373988,17.90177229,8894.889072,54662677174,30421.04936,4.189377314,0.8,0.456918329,0.131672338,0.538377345,67.096,58.711786,76.45835708,51.7,42.6,11.8,49.7,2.930126047,6.1,93.8,0.563534967,0.736782305,15714.96,8,90.7878164,1.102585177,3.12,9.6,13.6,1263.52297,5.2,-3.5200542,NA,3.138134877,0.035134862,23.035696,1796870.204
Cuba,CUB,Upper middle income,Latin America & Caribbean,19.28132064,NA,40.86000061,44.33717903,NA,NA,NA,100.3396225,99,NA,NA,19.7060474,3371.392093,7.21E+10,52418.45565,2.495218264,NA,-0.244837821,0.165453136,-1.459868431,57.148,12.330002,10.95358529,3.6,50.1,10,46.1,4.3,3.1,NA,NA,NA,NA,NA,77.2989071,0.669139327,2.23,NA,NA,535.3917652,NA,NA,NA,NA,NA,NA,1376347.302
Curaçao,CUW,High income,Latin America & Caribbean,0.347766268,NA,NA,NA,NA,NA,NA,NA,NA,NA,NA,NA,NA,3086051397,NA,33.76146157,NA,NA,NA,NA,NA,NA,NA,NA,NA,NA,NA,NA,NA,NA,NA,NA,NA,NA,99.9678003,0.451123596,NA,NA,NA,NA,NA,NA,NA,NA,NA,NA,NA
Cyprus,CYP,High income,Europe & Central Asia,9.942066016,NA,57.87099838,75.46367457,99.61328615,0.751,31.4,100.2535172,99,83.80718231,7.420020652,17.2944062,676.9158672,24805330849,7431.193453,5.662572734,0.028571429,0.920902193,0.640067935,0.873209,80.743,59.167173,70.69817274,50,36.4,20.2,37.9,3.8,5,91.3,0.182128588,0.30306667,46569.83,24,99.6001188,1.30894277,3.1,34.3,6.6,2933.453963,5.1,-1.4086967,NA,2.935609657,0.011603425,13.753726,3338000.956
Czech Republic,CZE,High income,Europe & Central Asia,14.82856195,NA,53.05099869,94.45913535,97.88131195,0.782,24.9,102.2979279,97,70.64437103,10.18195025,16.07124535,1249.364985,1.95428E+11,138957.4247,9.673898662,0,0.922208071,0.503815472,1.276146531,78.719,107.652264,126.5340638,60.8,48.9,NA,60.7,2.9,2.9,93.8,0.164175611,0.202598067,25503.29,NA,NA,0.889623552,3.62,17.6,21.1,1227.444254,6,-9.0636596,73.1,11.56521137,1.116887337,5.826563,1406387.728
Denmark,DNK,High income,Europe & Central Asia,33.17027717,NA,58.31000137,94.8403479,96.73467194,0.774,28.7,129.7455444,97,100,19.05553078,10.02965344,1063.174728,3.34536E+11,53703.22393,5.549144642,0.157142857,1.871631145,2.148100376,1.637035608,97.099,367.113015,432.8870524,100,44.5,13.2,82.8,1.6,1.7,100,0.004947569,0.005849217,72059.75,7,100,2.21912506,3.92,39.1,73.9,2682.809962,7.9,-3.4830325,81,12.69109275,NA,NA,6229354.413
Djibouti,DJI,Lower middle income,Middle East & North Africa,15.38059522,65.59999847,50.65599823,36.44043818,NA,NA,41.6,51.97055054,84,NA,17.00500076,45.5496176,333.8169971,1381266142,2766.303815,0.6670057,20.25,-0.899096608,-0.716890216,-0.697958112,55.681,NA,NA,NA,64.3,6.2,100,5.6,7,68.1,NA,NA,NA,NA,27.3814565,0.432882458,2.43,NA,NA,42.82592369,2.8,-0.45462647,NA,NA,18.74107986,23.796587,499318.3086
Dominica,DMA,Upper middle income,Latin America & Caribbean,7.82979664,NA,NA,NA,NA,NA,NA,101.0598526,94,NA,NA,19.49315376,2813.533094,467740296.3,222.8355778,2.519850786,NA,-0.289503425,0.54582274,0.084884956,69.62,NA,24.21923704,1,44.3,31,20.6,NA,NA,62.5,2.208112466,6.676499535,NA,NA,81.3563473,0.511204917,NA,NA,NA,1339.065468,NA,NA,NA,NA,NA,NA,2099037.779
Dominican Republic,DOM,Upper middle income,Latin America & Caribbean,16.48010921,12.10000038,51.24499893,NA,NA,0.492,43.7,81.59329224,94,42.11519241,18.15047624,13.72632115,2311.81392,58281926478,33395.08443,2.429209493,2.242857143,-0.400257349,-0.756498933,-0.065463819,67.571,7.506156,7.257151673,5.8,44.1,21.8,69.2,6.42159378,2.7,86.3,1.140836496,1.63095917,10321.26,28,74.5631763,1.0842563,2.68,NA,NA,1372.266719,NA,NA,NA,NA,NA,NA,1745224.708
Ecuador,ECU,Upper middle income,Latin America & Caribbean,13.81668594,36,55.12599945,42.01075954,75.06801242,0.602,45.4,101.4356537,85,33.39508057,7.375489417,14.88610066,27733.48125,86645126800,52746.57269,2.495570554,3.957142857,-0.26139763,-0.565624297,-0.868944526,57.272,8.757977,NA,NA,48.9,13.5,56.1,6.203034552,5.9,89.4,1.903187798,2.659921086,4233.894,19,70.0018906,0.921671668,2.82,31.8,5.8,1104.836798,5.6,-2.5094502,61.8,4.321199165,1.09834592,11.442516,1642668.374
"Egypt, Arab Rep.",EGY,Lower middle income,Middle East & North Africa,5.709377265,10.60000038,21.7859993,60.74052792,NA,0.486,31.5,89.48068237,95,20.32022476,1.346771398,86.99945205,19.90607562,2.72637E+11,295499.7454,2.525862866,1.766666667,-0.584804058,-0.565868735,-0.863224506,44.95,4.368743,2.982776718,42,77.1,12.1,53.4,7.9,6.4,45,0.079578539,0.133356485,5412.181,19,33.3452273,0.671752376,2.95,NA,7.3,6738.161584,2.2,-8.3838528,64.5,1.121956645,0.005947533,21.513056,922631.1388
El Salvador,SLV,Lower middle income,Latin America & Caribbean,24.40076999,28.89999962,45.12099838,NA,NA,0.501,38.6,71.66178894,81,19.29224968,4.813274693,24.47229229,2482.872469,20515580000,12577.78974,1.1278829,3.628571429,-0.447142482,-0.600683689,0.035561979,33.821,9.764309,NA,0.1,44.7,5.5,45.2,7.118394096,5.3,88.8,2.660692921,3.747716872,2418.103,26,67.3247529,0.751385687,2.66,NA,NA,740.0919483,5.3,-2.0798592,60.7,7.750294237,3.773819,24.422068,1631095.799
Equatorial Guinea,GNQ,Upper middle income,Sub-Saharan Africa,7.822799777,66.19999695,54.66500092,NA,NA,NA,NA,NA,53,NA,NA,53.24062104,23167.20664,14844233177,6374.171054,4.653235449,NA,-1.294380069,-1.559878826,-1.544196367,26.24,NA,NA,1.2,63.1,14.3,NA,6.2,4.8,51.9,NA,NA,NA,NA,69.5222775,0.456347842,2.21,NA,NA,168.4234796,NA,1.1356273,NA,4.427052104,NA,7.168316,2328809.982
Eritrea,ERI,Low income,Sub-Saharan Africa,79.7674723,NA,71.51200104,NA,NA,NA,NA,47.69710922,95,NA,NA,48.03019868,NA,NA,4977.888033,NA,NA,-1.727731705,-1.31618464,-2.213971138,1.309,NA,NA,NA,59.6,9,100,6.485430947,7.7,69.4,NA,NA,NA,NA,23.3881569,0.456347833,2.11,NA,NA,31.79878112,NA,-0.48336864,NA,54.89879952,18.58766567,41.751717,NA
Estonia,EST,High income,Europe & Central Asia,27.47683347,NA,57.38199997,97.36063564,93.33299322,0.747,30.4,116.651741,92,96.21382141,15.6447523,6.732124015,9668.744699,22237623396,23292.77921,12.60802104,0.714285714,1.191937923,1.506536484,1.55247283,88.102,11.350467,14.7352828,69.6,60.5,16.4,41.1,2.551964379,2.2,97.5,0.228462089,0.374597498,26020.55,11,91.3797245,1.010068888,3.3,40.2,33.9,654.0097871,4.9,-1.1180265,NA,16.89760529,0.002460333,3.127823,954700.3041
Eswatini,SWZ,Lower middle income,Sub-Saharan Africa,66.10465921,32.70000076,48.32799911,NA,NA,0.409,54.6,82.41220856,90,NA,7.749112251,17.16878731,2410.912667,4571331766,3478.034532,1.036913457,29.2,-0.659946799,-0.217696071,-0.615443051,47,NA,NA,5.7,45,NA,50.2,5.4,4.3,46.3,0.526186276,0.843596746,NA,42,NA,0.456347831,NA,NA,NA,261.6311186,4,-0.63385134,NA,NA,25.28964689,NA,1314343.41
Ethiopia,ETH,Low income,Sub-Saharan Africa,92.16346114,73.90000153,73.31900024,NA,11.44477316,0.385,35,34.93946838,68,22.41227722,4.382532134,38.97873776,1243.70181,43214529006,185292.1681,0.143524928,33.9,-0.607469678,-0.486217111,-0.971270144,18.618,NA,7.019330571,NA,56.7,NA,94.8,7.9,8.8,71.9,0.300100158,0.447306618,NA,26,NA,0.183738539,2.4,65.4,11.9,327.5448252,2.1,-0.73401689,49.2,3.403458328,3.450642577,10.063562,233223.7215
Faroe Islands,FRO,High income,Europe & Central Asia,7.513580492,NA,NA,NA,NA,NA,NA,NA,NA,NA,NA,NA,NA,2492533448,NA,13.09289436,NA,NA,NA,NA,NA,NA,NA,NA,NA,NA,NA,NA,NA,NA,NA,NA,NA,NA,99.99999999,3.508216588,NA,NA,NA,627.1313373,NA,NA,NA,NA,NA,NA,NA
Fiji,FJI,Upper middle income,East Asia & Pacific,31.26394709,NA,38.33800125,NA,NA,NA,NA,NA,99,NA,NA,10.8401599,32950.43124,3825356308,2258.173057,2.345470364,0.5,0.259536237,0.381064266,-0.219138041,49.966,NA,NA,3.9,72.1,59.7,31.4,6.8,2.9,79.4,2.676071108,3.975590859,NA,NA,21.8773973,0.613541496,2.37,NA,NA,454.1189658,NA,NA,NA,NA,NA,NA,1694004.938
Finland,FIN,High income,Europe & Central Asia,43.23526259,NA,55.74000168,99.20575094,99.63312714,0.814,27.4,154.8202362,91,99.46334839,10.20421919,5.861331001,19591.64422,2.59513E+11,69072.93872,8.34721998,0.057142857,1.984208465,2.212743521,1.786478281,87.469,109.922164,NA,100,75.8,12.8,56.1,2.8,1.6,97.5,NA,NA,74244.06,4,100,1.404614594,3.92,41.6,68.4,961.1048825,7.4,-1.0040695,82.9,16.65638088,0.007625,12.526373,3757080.701
France,FRA,High income,Europe & Central Asia,13.49926232,NA,50.83800125,88.37135721,97.85376001,0.765,31.6,104.1385574,96,93.46917725,9.179849727,11.81496362,3016.042314,2.74251E+12,499146.6345,NA,0.071428571,1.480525851,1.317085624,1.156849146,80.502,83.530437,95.44486901,88,43.8,12.1,56.7,3.8,2.5,100,0.163939461,0.20221391,59869.98,18,100,1.408203184,3.86,30.7,26.3,1411.410219,7.1,-4.7888519,80.4,6.80867307,0.045603314,15.662184,5494389.775
French Polynesia,PYF,High income,East Asia & Pacific,9.829154767,NA,47.84400177,NA,NA,NA,NA,NA,NA,NA,NA,NA,NA,NA,NA,2.80458891,NA,NA,NA,NA,NA,NA,NA,NA,NA,NA,NA,NA,NA,NA,NA,NA,NA,NA,96.8125002,1.509612721,NA,NA,NA,540.3189824,NA,NA,NA,NA,NA,NA,NA
Gabon,GAB,Upper middle income,Sub-Saharan Africa,82.00784369,37,43.15000153,NA,NA,0.453,38,NA,70,49.82904053,NA,44.38554846,87058.07411,15456971601,34570.62658,2.649976866,NA,-0.812283397,-0.855780125,-0.915202975,62,NA,NA,NA,71.5,7.3,100,5.1,3.6,57.5,0.646525523,1.426220084,NA,35,66.0344703,0.615784854,2.19,NA,NA,62.53588395,3.1,0.40691639,NA,1.765869784,1.572476667,10.403022,447112.8565
"Gambia, The",GMB,Low income,Sub-Saharan Africa,51.50886249,34.79999924,50.97700119,NA,NA,0.397,35.9,NA,93,NA,-8.084000118,33.98263855,1482.182682,1385746819,3529.23153,0.247408381,17.85,-0.6234712,-0.46233654,-0.628325284,19.836,NA,NA,0.1,47.5,10.6,25.6,6,6.3,74.4,NA,NA,NA,24,16.4439541,0.414361321,2.34,NA,NA,253.6395162,3.4,-0.20000507,NA,14.44201323,2.539314,5.504873,392648.3167
Georgia,GEO,Upper middle income,Europe & Central Asia,28.66253881,NA,57.41400146,27.16510829,79.9946792,0.614,36.4,106.2963486,93,46.12050247,7.70351078,22.19605462,15628.80604,16316003088,14627.74929,2.717167113,7.2,0.614570916,0.708101928,1.125836492,59.706,NA,NA,46.6,47.4,4.4,45.9,5.9,6.6,85.6,0.912602748,1.283360354,1331.71,15,49.1678415,0.604554898,2.45,37.4,9,308.3626213,2.7,-2.9668318,NA,0.323304597,1.587496143,31.475336,1115414.461
Germany,DEU,High income,Europe & Central Asia,14.2062527,NA,55.22999954,97.23319826,99.8,0.795,31.9,97.59349823,93,98.12226868,14.33371345,12.02876736,1321.273115,3.61198E+12,951716.7111,8.840128794,0,1.61963284,1.946861625,1.763705254,84.396,129.173782,145.3414095,97,45.6,14,52.2,2.6,4.3,97.5,0.092861375,0.113955515,38239.2,10,100,1.753756524,4.19,38.6,43.4,2259.141931,7.4,-8.4369311,81.5,6.018730709,0.022862367,7.831808,3795224.748
Ghana,GHA,Lower middle income,Sub-Saharan Africa,41.41279431,37.90000153,63.77899933,NA,36.41161276,0.439,43.5,74.67948914,97,48.34405899,-6.705092079,34.7135141,1112.969243,39174956052,107784.2944,0.585289432,12.3,-0.21027039,-0.115894094,-0.091717154,39,NA,NA,NA,48.4,9,48.4,4.9,4.3,75,0.175668921,0.268108038,5090.614,27,18.9802974,0.461376404,2.6,NA,NA,522.4162544,3,-0.98221837,62.8,16.89141593,0.577057923,18.915276,363456.9977
Gibraltar,GIB,High income,Europe & Central Asia,0,NA,NA,NA,100,NA,NA,92.89405823,NA,NA,NA,NA,NA,NA,473.0057293,18.8040134,NA,NA,NA,NA,NA,NA,NA,NA,NA,NA,NA,NA,NA,NA,NA,NA,NA,NA,99.8876358,1.416399355,NA,NA,NA,NA,NA,NA,NA,0.312492291,NA,NA,NA
Greece,GRC,High income,Europe & Central Asia,17.17004755,NA,44.39199829,90.39114625,100,0.681,34.4,104.8778992,99,81.51774597,-3.057596084,16.21826638,5324.807276,2.44079E+11,100571.1707,5.793848369,1.242857143,0.338260889,-0.066019207,0.414062828,70.549,15.146602,17.05775438,81.7,37.2,15.7,28.8,4.24869722,5.8,97.5,1.850180369,2.738753539,21445.31,16,99.99999991,1.412544904,3.19,12.9,8.4,1309.642949,5,-4.6521034,73.4,4.980594706,0.061640647,13.009318,2426925.926
Greenland,GRL,High income,Europe & Central Asia,15.53381651,NA,NA,94.84035174,96.74768359,NA,NA,NA,NA,NA,NA,11.60217946,NA,NA,NA,9.071886235,NA,0.838082671,1.177475095,1.369053245,NA,NA,NA,NA,NA,NA,NA,NA,NA,NA,NA,NA,NA,NA,99.99999999,2.468138796,NA,NA,NA,5.042919082,NA,NA,NA,NA,NA,29.072648,NA
Grenada,GRD,Upper middle income,Latin America & Caribbean,10.91957215,6,NA,NA,87.11526835,NA,NA,120.1183395,95,NA,NA,22.72268748,1836.513563,765599963,726.1854197,2.427794052,NA,-0.252952486,0.376603514,-0.289589047,59.072,NA,58.76997899,0.9,42.9,15.8,49.7,5.090913971,2.3,80.6,NA,NA,NA,NA,82.2171052,0.78655504,NA,NA,NA,2304.751762,NA,NA,NA,NA,NA,NA,1054276.142
Guam,GUM,High income,East Asia & Pacific,0,NA,52.65299988,NA,99.54117348,NA,NA,NA,NA,NA,NA,11.63440681,NA,NA,85.8694585,NA,NA,0.272702605,1.23879683,0.083984762,NA,NA,NA,NA,NA,NA,NA,NA,NA,NA,NA,NA,NA,NA,99.7528495,2.484618718,NA,NA,NA,404.7880997,NA,NA,NA,NA,NA,NA,NA
Guatemala,GTM,Upper middle income,Latin America & Caribbean,63.65099179,38.70000076,39.91500092,NA,55.99078169,0.46,NA,51.14957809,86,30.41928673,1.859920654,24.07064893,7134.309784,49363460057,31515.45018,1.059947788,8.8,-0.682006061,-0.820550501,-0.190174475,65,NA,NA,6.8,49.4,15.4,24.7,7.085676341,5.1,70.6,0.658785983,2.490477888,2807.489,33,64.417748,0.476461359,2.51,8.9,18,1523.425315,4.8,-2.4214621,60.6,19.26975236,3.888250268,20.032846,1566325.716
Guinea,GIN,Low income,Sub-Saharan Africa,76.26839132,43.29999924,62.65000153,NA,NA,0.374,NA,NA,47,19.9027729,-12.1202274,26.0624902,20267.28241,7516065254,101348.9883,0.255224608,36.1,-0.970923185,-1.043679714,-0.776380599,18,NA,NA,NA,50.5,14.4,36.7,8.3,7.3,65,0.437918834,0.673891892,NA,25,16.4561742,0.206173449,2.3,NA,NA,163.8122935,2.7,0.76754354,46.7,18.57368093,0.362864583,15.715414,74160.2396
Guinea-Bissau,GNB,Low income,Sub-Saharan Africa,86.85179394,82.30000305,65.7539978,NA,NA,NA,NA,NA,88,NA,-7.60396359,29.77470228,9453.811925,994656463.2,7604.734497,0.164583657,68.4,-1.487850308,-1.533914566,-1.202786922,3.931,NA,NA,NA,51.3,5.2,42.1,8,6.432465008,42.5,0.115485633,0.201759441,NA,NA,16.5235156,0.459322017,2.4,NA,NA,241.4848288,NA,NA,NA,NA,NA,NA,130794.3707
Guyana,GUY,Upper middle income,Latin America & Caribbean,25.25872772,33.09999847,43.79800034,NA,NA,0.495,NA,NA,95,NA,4.751890867,22.37557463,315701.2235,4087110181,6140.687252,3.090037673,NA,-0.269483864,-0.226712629,-0.540948153,37.326,1.927722,2.384569503,NA,69.2,7.7,44.4,6.798281028,3.6,86.9,0.99614755,1.847236538,NA,NA,63.5829966,0.674451012,2.45,NA,NA,834.8885361,NA,NA,NA,NA,NA,NA,665578.6255
Haiti,HTI,Low income,Latin America & Caribbean,76.07221323,74.40000153,61.66500092,NA,NA,0.446,NA,NA,64,17.87976837,16.56831994,15.01982438,1233.29132,13763465391,8835.466908,0.274687476,24.5,-1.909053683,-1.280559063,-1.260931969,12.326,4.916931,NA,NA,41,16.7,23.2,6.9,7.1,61.3,4.880589458,12.11868522,NA,NA,52.7215112,0.598151545,2.02,NA,NA,839.3078604,NA,NA,NA,NA,NA,NA,1557751.903
Honduras,HND,Lower middle income,Latin America & Caribbean,51.53741358,27.5,51.8769989,NA,NA,0.49,52.1,66.24089813,90,33.10071945,22.35762531,20.62885065,10123.28726,17254294351,20467.16299,1.058473626,17.45714286,-0.620658517,-0.618429124,-0.444789231,31.7,11.98285,NA,3.1,49.3,17.6,38.5,7.165667,5.4,75,2.746825817,5.32930519,2333.549,19,60.0219802,0.666432584,2.56,NA,NA,650.2492815,5.2,-0.25718703,58,14.14926506,1.928963118,18.3404,843023.2545
"Hong Kong SAR, China",HKG,High income,East Asia & Pacific,0.852783452,NA,54.2519989,91.77344928,100,0.822,NA,107.7402802,NA,92.37355042,NA,NA,NA,2.66427E+11,58633.51677,5.948891039,NA,1.903607011,1.676682234,2.226963997,NA,NA,NA,NA,NA,NA,NA,NA,NA,89.4,NA,NA,NA,NA,99.4018622,2.183848315,3.96,55,36.4,8139.475823,6.5,NA,NA,0.96724707,0.040024,NA,4543936.051
Hungary,HUN,High income,Europe & Central Asia,15.55936205,NA,48.44900131,95.67874783,89.57276198,0.703,30.6,103.9211578,99,67.66965485,12.27728957,15.92604819,608.1203527,1.23089E+11,62988.3998,4.639973434,0.442857143,0.487310886,0.053369705,0.57505393,76.751,23.590182,30.5175351,53.8,37.1,NA,52.5,2.573814019,5.6,96.9,0.900390724,1.102866089,21602.93,9,NA,1.05875431,3.41,37.6,27.2,1138.464702,4.9,-7.940736,72.7,10.16242319,0.162924824,35.475165,1954155.108
Iceland,ISL,High income,Europe & Central Asia,77.02968921,NA,71.05699921,81.75807064,99.99999943,0.74,26.8,117.9799423,91,NA,14.28545128,6.481147263,519264.7212,12884269290,5514.853992,6.154683862,0.033333333,1.465654731,1.843912721,1.416202188,98.26,57.270823,76.25611441,15.6,81.3,10.1,34.4,1,1.7,100,NA,NA,130528,NA,99.99999998,4.457836256,3.29,30.8,62.3,65.56361731,8.9,1.3632675,NA,NA,0.0353835,16.398835,2336284.752
India,IND,Lower middle income,South Asia,36.02122257,24,20.71100044,NA,NA,0.44,NA,73.79296875,90,77.08294678,19.12072348,90.87321047,1116.081607,1.80618E+12,3002894.928,1.817783386,22.5,0.283048511,-0.186302558,-0.225037575,34.45,2.783068,2.178265861,2.2,46.3,16.9,62.2,6.907432584,4.4,74.4,0.273041187,0.406979841,NA,22,14.6142851,0.441486314,3.22,NA,NA,1505.777121,4.5,-2.404431,58.9,4.624094576,4.57165825,11.24875,601478.8082
Indonesia,IDN,Upper middle income,East Asia & Pacific,NA,21.79999924,52.99900055,NA,NA,0.535,37.8,88.91017151,85,36.59576035,13.77714149,16.5026533,7913.643562,8.91961E+11,780550.764,NA,8.314285714,0.179875433,-0.251563013,-0.141035452,32.292,NA,4.052315525,NA,66.2,11.9,67.6,6.074811132,4.5,64.4,0.325973777,0.453940902,3657.414,24,19.3275257,0.7013988,3.08,78.8,4.6,1165.11684,2.8,NA,62.6,16.65787085,0.35679415,20.267163,1142733.449
"Iran, Islamic Rep.",IRN,Upper middle income,Middle East & North Africa,0.913005057,NA,17.72100067,NA,91.79529324,0.591,40.8,86.31149292,99,93.24584961,NA,38.97876028,1658.797533,6.03078E+11,NA,8.316701233,0.325,-0.430217296,-0.958930075,-1.376154065,64.044,NA,NA,3.7,62.8,13.8,86.1,7.2,5.6,31.3,0.685571806,1.18552986,10544.13,42,50.0560134,0.626339186,2.71,51.7,14.8,582.582401,2.4,-6.4593324,NA,0.220570372,0.875447521,15.894132,NA
Iraq,IRQ,Upper middle income,Middle East & North Africa,0.798830769,47.20000076,11.4090004,41.06775327,58.8333266,0.398,NA,NA,84,18.69329071,-1.522047441,61.63623571,1022.900445,2.18867E+11,155529.505,5.191404781,1.7,-1.320548177,-1.399580717,-1.162634373,49.36,4.826446,4.496368976,19.5,69.5,NA,33,8.2,8.6,45,0.510380532,0.896600493,NA,29,36.8002988,1.018886655,2.18,19.2,11,222.098579,3.1,-5.3735668,NA,0.781584463,0.049658,40.186089,1407235.402
Ireland,IRL,High income,Europe & Central Asia,9.081399013,NA,56.15200043,82.41360394,97.32282428,0.806,32.8,154.9082947,94,92.93939972,16.15285331,8.208576735,10520.12349,1.81372E+11,62433.01389,7.930340975,0.385714286,1.420338392,1.547599554,1.628548384,84.114,NA,NA,89.7,45,9.1,80.4,3,1.1,97.5,0.066943865,0.089630836,28962.46,15,99.99999999,1.648893834,3.63,NA,NA,1133.527559,7.9,-1.2475354,84,14.87652083,0.0031884,10.599649,2905068.506
Isle of Man,IMN,High income,Europe & Central Asia,4.20758973,NA,NA,NA,97.20756495,NA,NA,NA,NA,NA,NA,NA,NA,6818331754,NA,NA,NA,NA,NA,NA,NA,NA,NA,NA,NA,NA,NA,NA,NA,NA,NA,NA,NA,NA,99.99999999,1.758283176,NA,NA,NA,0,NA,NA,NA,2.920381334,NA,NA,NA
Israel,ISR,High income,Middle East & North Africa,3.707766913,NA,59.70000076,93.67255558,99.38180368,0.763,39,105.5570602,98,85.69011688,15.61673633,21.38110224,91.28863031,2.50549E+11,84044.43441,7.625351861,0.35,1.20820725,0.78669095,1.246900916,81.581,125.673855,152.2911503,81.7,51,45.5,62.8,NA,NA,77.5,0.116967671,0.187408758,95330.61,13,99.3631707,1.810066625,3.39,NA,NA,5453.307424,5.4,-7.698435,79,8.521132496,4.304647,7.0896,2981150.585
Italy,ITA,High income,Europe & Central Asia,16.51685058,NA,40.83499908,96.20801357,95.03961456,0.769,35.9,101.3531036,95,90.63108826,6.138540463,16.75071194,3002.180982,2.08453E+12,482634.0003,NA,1.4,0.413883507,0.235666126,0.726411402,63.077,48.850053,53.32574402,58.8,39.4,14.9,53.3,5.4,5,97.5,0.567134324,0.713020156,42578.98,9,99.99999998,1.364471833,3.73,23.8,26.6,2388.500986,6.4,-5.3974033,75.8,3.847734634,0.017676249,16.557138,4319061.253
Jamaica,JAM,Upper middle income,Latin America & Caribbean,16.77190746,60.5,59.54100037,NA,NA,0.544,NA,85.35462952,97,NA,17.41911522,13.40415053,3763.30024,14606916294,15474.32041,2.830147084,NA,0.496711224,-0.181525514,0.202436179,55.072,8.64789,9.955148249,3,42.8,4.7,42.8,6.879428979,2.9,68.1,1.395316921,2.369619564,4193.32,NA,73.4689044,1.025280899,2.52,NA,NA,1313.451653,NA,NA,NA,NA,NA,NA,943945.5762
Japan,JPN,High income,East Asia & Pacific,6.297357081,NA,52.77099991,98.76035784,98.45370749,0.844,NA,NA,98,97.53993225,7.550863307,11.70477819,3378.484553,6.36937E+12,1478858.881,8.944372824,0.35,1.67581749,1.424979329,1.343600035,84.588,NA,NA,75.3,56.9,35.2,36.2,1.9,3.5,81.9,0.637251345,0.771951284,22275.98,19,100,0.973192958,3.99,39.9,33.7,3807.36571,4.9,0.26617812,76.5,2.706963769,0.2001401,2.667272,4306950.564
Jordan,JOR,Upper middle income,Middle East & North Africa,3.229170042,12.89999962,14.35999966,80.55492485,93.81834359,0.562,NA,65.19397736,96,32.88019943,1.585308107,33.00608118,76.4569791,31246533501,27198.59451,2.628700806,0.1,0.112717994,0.149577796,0.029897159,66.79,34.982171,37.91904284,18.6,68,NA,55.4,5.506529946,8.5,40.6,0.201143419,0.266562866,NA,40,42.08759,0.84468575,2.78,36.1,15.9,1354.536926,3.5,-8.1916729,61,0.321934253,0.977837633,0.058976,1148828.977
Kazakhstan,KAZ,Upper middle income,Europe & Central Asia,1.558442912,NA,63.01399994,NA,89.51225143,0.746,27.5,113.2275314,98,48.80588913,5.8338948,13.82428836,3722.173715,1.79881E+11,366502.1973,13.89268146,0.014285714,0.021720437,-0.501778245,0.125332043,76.427,7.117835,6.080053194,28.6,64.8,NA,47.7,4.3,2.3,72.5,0.278986342,0.473390521,6468.89,11,NA,0.779514383,2.77,68.6,22.8,46.62004728,3.1,-0.80005159,67.3,1.374304278,0.078876615,20.034427,490805.9766
Kenya,KEN,Lower middle income,Sub-Saharan Africa,72.66275251,56,71.93099976,NA,NA,0.518,40.8,NA,92,70.45348358,-4.418616397,28.57837427,443.2549983,50187342659,54302.09561,0.36511748,37.1,-0.410852253,-0.852302909,-0.222778901,17.827,11.249267,16.90933374,0.5,56.5,8.6,70.1,7.660346567,7.4,80.6,0.215792606,0.431800057,NA,28,17.3106996,0.380084944,2.93,NA,NA,278.1803652,3.4,-2.018019,50.7,10.29616397,3.449023632,5.926623,924224.7853
Kiribati,KIR,Lower middle income,East Asia & Pacific,4.253998693,NA,NA,NA,NA,0.479,NA,NA,95,NA,NA,10.64085586,NA,287994408.8,NA,0.58659486,NA,-0.27643925,0.336474419,-0.769635975,14.582,NA,NA,NA,57,55.4,16.3,NA,NA,78.8,0.005079805,0.008320715,NA,NA,15.7089451,0.877204686,NA,NA,NA,409.8130709,NA,NA,NA,NA,NA,NA,NA
"Korea, Dem. People's Rep.",PRK,Low income,East Asia & Pacific,NA,NA,NA,NA,NA,NA,NA,NA,NA,NA,NA,NA,NA,NA,NA,NA,NA,-1.572759509,-1.56645155,-2.361373901,NA,NA,NA,NA,NA,NA,NA,8.3,4.1,NA,NA,NA,NA,NA,12.3935904,NA,NA,NA,NA,1509.609103,NA,-2.1312561,NA,4.493164627,8.910018625,NA,NA
"Korea, Rep.",KOR,High income,East Asia & Pacific,2.707702804,NA,52.90000153,99.90430877,98.21386113,0.845,NA,98.50636292,98,92.14916992,21.02178712,25.03942539,1277.916641,1.2918E+12,668989.6514,12.11106978,0.35,1.182664871,0.604206383,1.102969646,95.069,48.985419,NA,76.8,54.2,12.6,44.8,2.4,1.6,85,0.571707619,0.695500987,18712.87,19,99.99999973,1.008478136,3.65,51.3,32.9,6035.767514,4.9,-0.86957393,73.6,4.676292124,0.087630912,1.318196,1930965.364
Kosovo,XKX,Upper middle income,Europe & Central Asia,20.45090897,NA,NA,NA,NA,NA,29,NA,NA,44.3333168,NA,NA,NA,6697918412,NA,5.031519664,1.085714286,NA,NA,NA,NA,NA,NA,NA,NA,NA,NA,NA,NA,NA,NA,NA,NA,NA,NA,0.497317913,NA,NA,NA,NA,2.9,NA,NA,3.666460148,NA,10.864988,NA
Kuwait,KWT,High income,Middle East & North Africa,0,NA,49.88499832,100,100,0.576,NA,97.82772064,91,70.80115509,16.82693189,60.74515954,0,1.8322E+11,NA,24.95251303,NA,-0.087805904,-0.289451689,0.025651623,100,NA,NA,43.1,70.2,14.9,33.2,3.3,2.61667863,32.5,NA,NA,10525.3,41,99.99219,1.639624499,2.96,NA,NA,2423.267313,3.5,-2.3271542,74.8,NA,NA,40.820025,NA
Kyrgyz Republic,KGZ,Lower middle income,Europe & Central Asia,23.3068222,NA,45.02600098,NA,68.22331999,0.58,27.7,96.36685181,94,35.67722321,7.449434213,22.73776806,8384.885614,6435839933,13794.74124,1.609873016,1.728571429,-0.611537933,-0.954410195,-0.352832466,38,0.829632,NA,0.2,58.7,NA,39.2,6.520563902,4.4,76.9,0.889554032,1.669915819,1819.007,17,NA,0.524978964,2.38,52.2,12.8,199.2174737,3,-0.99555717,NA,0.356164663,2.562078267,8.458265,466542.9977
Lao PDR,LAO,Lower middle income,East Asia & Pacific,59.31586075,31.39999962,76.68199921,58.05358959,16.08186585,0.452,NA,65.76873016,68,17.37037468,NA,25.10953834,28675.75254,9583003017,161718.7374,2.594704584,21.2,-0.672724009,-0.982790649,-0.775243759,25.51,1.729504,NA,NA,57.6,NA,76.1,4.7,5.4,88.1,3.497954641,4.726927463,3635.54,25,NA,0.148332539,2.48,NA,NA,1227.301472,5.4,1.6778058,49.1,17.61925737,4.398624615,15.251336,59257.22132
Latvia,LVA,High income,Europe & Central Asia,38.09801717,NA,56.0320015,85.82376143,95.19085834,0.724,35.6,109.1557007,96,88.52410126,4.005398848,13.42645752,8496.415355,28133196249,13943.92172,3.574298418,0.957142857,1.043451786,0.328646898,1.142925262,80.114,133.941584,167.7660946,90.7,59.4,7.3,41.7,2.851488985,2.1,100,0.622724034,0.923401699,17426.22,11,86.0150284,1.217330216,3.02,NA,NA,582.2806442,4.4,-1.7921196,NA,19.71825573,NA,22.895448,2017595.681
Lebanon,LBN,Upper middle income,Middle East & North Africa,3.64671967,53.09999847,22.87100029,21.76206173,47.7,0.538,NA,NA,83,29.8943615,-20.42519407,30.62111051,766.4780811,43831811746,NA,3.694800615,NA,-0.640202343,-1.10905087,-0.437119722,78.181,25.640181,26.84968857,38.2,34.2,14.2,63.7,7.8,8.7,52.5,0.329017681,0.461183375,NA,21,66.1099198,1.022675665,2.71,19.8,9.9,1700.047277,4.1,-4.9154832,NA,6.358180082,2.648965933,NA,NA
Lesotho,LSO,Lower middle income,Sub-Saharan Africa,52.13920609,50.79999924,60.24900055,NA,NA,0.371,44.9,62.01393127,87,32.39398575,1.920143926,28.02865352,2559.41338,3092704104,3472.707536,1.210551224,NA,-0.860905707,-0.102964677,-0.499691516,29,NA,NA,0.3,43.5,NA,54.4,6.680287113,4.6,75.6,0.938278878,1.503224864,NA,NA,NA,0.104972212,2.22,NA,NA,67.28902157,3.9,-0.28613522,NA,1.660182589,19.12528088,38.092939,890574.3059
Liberia,LBR,Low income,Sub-Saharan Africa,83.84704334,65.69999695,72.04399872,NA,NA,0.319,35.3,37.9034996,84,26.60300064,-82.77046202,17.98411246,45876.76812,2459030000,2833.942779,0.302199709,43.05,-1.340830564,-0.852092624,-0.957192242,7.984,NA,NA,NA,57.2,10.6,28.5,6.914197978,7.8,83.8,0.308177015,0.498128586,NA,43,15.5656131,0.45135534,2.29,NA,NA,160.7579082,2.7,0.2226746,NA,18.09570196,0.270304,23.724362,867706.299
Libya,LBY,Upper middle income,Middle East & North Africa,1.966554457,NA,34.0379982,26.11147741,NA,NA,NA,NA,73,58.27685547,NA,54.25468179,110.0276531,79941762543,82129.13395,7.788506729,NA,-1.847037077,-1.552904844,-2.284615755,21.759,3.793104,13.71213766,NA,NA,NA,NA,9.5,8,50,NA,NA,NA,29,77.102717,0.974016854,2.21,NA,NA,80.84101428,3.6,-4.6074783,NA,3.986120615,0.1635915,29.085319,973366.6812
Liechtenstein,LIE,High income,Europe & Central Asia,63.13444144,NA,NA,99.65,100,NA,NA,112.0101624,NA,NA,NA,NA,NA,3807827663,NA,1.363269425,NA,1.739036679,2.007995605,1.53062284,98.1,NA,NA,NA,NA,NA,NA,NA,NA,NA,NA,NA,NA,NA,NA,2.489004629,NA,NA,NA,846.6330213,NA,NA,NA,1.034505026,NA,NA,NA
Lithuania,LTU,High income,Europe & Central Asia,28.96117925,NA,56.73300171,91.31054756,92.04286501,0.712,37.3,108.2379379,92,77.93441772,10.31720182,11.85328236,5272.191373,41600104319,29442.21235,4.519456418,1.014285714,1.072397828,0.4979783,1.102503538,77.615,148.234362,177.7295991,51.4,53.2,14.5,45.2,3.1,1.9,93.8,0.271230599,0.393792195,12391.59,5,85.6665246,1.257073504,3.2,39,31.7,800.5767801,4.1,-4.0055613,NA,13.9605547,NA,1.282953,1412940.843
Luxembourg,LUX,High income,Europe & Central Asia,9.031313661,NA,54.70600128,96.63666919,99.72467622,0.692,34.9,104.3004837,99,98.31726837,13.19113212,10.3646374,1797.529835,39410448633,12610.99762,15.44261306,0.1,1.778221369,2.088051796,1.757966518,97.363,1179.773486,907.5303641,98.5,48.5,NA,75.7,1,2.8,100,0.036643657,0.04767578,36672,24,NA,1.755605649,3.84,NA,NA,1589.600136,7.7,-9.0190409,NA,7.389914811,0.081680333,20,3125085.725
"Macao SAR, China",MAC,High income,East Asia & Pacific,7.051363049,NA,65.31500244,NA,100,0.759,NA,101.0366898,NA,NA,NA,NA,NA,36626153018,NA,3.37478216,NA,1.204365969,0.715793729,1.613140106,NA,NA,NA,NA,NA,NA,NA,NA,NA,NA,NA,NA,NA,NA,99.9771858,1.734224209,NA,68.2,41.4,NA,NA,NA,NA,6.773795237,0.032124,NA,NA
Madagascar,MDG,Low income,Sub-Saharan Africa,70.17441591,77.19999695,83.29799652,NA,NA,0.374,NA,34.59550095,75,12.34299183,1.993870712,22.54228288,14285.78272,11260410205,117932.5971,0.156876974,77.8,-1.153121233,-1.000645041,-0.733570814,9.8,NA,NA,NA,46.7,11.8,47.8,6.6,4.2,71.9,3.520517859,5.660812871,NA,25,16.1528529,0.425249772,2.35,NA,NA,86.52505546,3.2,0.5294917,37.9,22.67275138,2.464601421,21.494327,95481.74538
Malawi,MWI,Low income,Sub-Saharan Africa,83.6494337,66.69999695,72.59600067,NA,NA,0.407,44.7,37.08491135,92,21.2052803,-10.3156277,23.56592147,990.8198758,5892688582,21632.13209,0.075448776,71.55,-0.728670537,-0.744604528,-0.676754653,13.782,NA,NA,NA,50.7,NA,33.4,5.1,5.7,80.6,0.984509971,1.559527767,NA,21,NA,0.219919059,2.69,NA,NA,514.6731712,2.3,0.0714257,42.5,11.59826902,7.905344944,10.274102,272404.4286
Malaysia,MYS,Upper middle income,East Asia & Pacific,5.194442589,NA,50.5929985,88.63391199,93.32927846,0.622,41,83.74816132,99,80.50454712,7.294404586,16.03580871,19419.71286,3.02839E+11,279098.3768,8.091591623,0.033333333,1.075348139,0.314034283,0.697955668,80.14,NA,NA,12.4,57.1,8.6,55.8,5.661895525,3.3,50,0.301089707,0.442003768,18222.43,34,45.0362815,1.2064376,3.34,50.1,19.6,1801.332975,4.2,-0.86983221,73.8,27.60129268,0.585955239,6.609171,1085062.887
Maldives,MDV,Upper middle income,South Asia,1.009594693,NA,41.57300186,NA,NA,NA,31.3,81.32687378,99,NA,NA,7.795820799,68.9631392,2614022207,NA,3.03839853,0,-0.488494068,-0.893105865,-0.47557041,63.186,NA,NA,4.3,31.4,46.6,25.8,5.8,4,73.8,0.001624359,0.00255824,NA,NA,33.6162052,1.452030999,2.63,NA,NA,968.1713706,NA,NA,NA,NA,NA,NA,NA
Mali,MLI,Low income,Sub-Saharan Africa,61.52698472,56.29999924,61.26100159,18.70940415,NA,0.317,NA,41.0272789,77,31.2610836,-1.071653921,38.52660616,3543.121561,11981704342,77437.93165,0.176967052,NA,-1.004637957,-0.6976493,-0.555201173,13,NA,NA,NA,67.9,NA,36.8,9.5,8.4,60.6,0.252195031,0.61096452,1827.416,31,NA,0.339983698,2.55,NA,NA,124.9923111,2.7,0.36508111,54.4,14.00633203,2.278911,6.458791,154726.5544
Malta,MLT,High income,Middle East & North Africa,5.355004746,NA,46.14899826,92.98406352,100.0000022,0.701,29.2,107.2667389,97,94.65633392,NA,13.90954337,116.2100341,9016278939,NA,2.947412574,0.1,0.968795955,0.579995453,1.33716774,81.012,161.230319,184.9648445,NA,30.4,12.2,68.1,2.7,3.7,88.8,0.14370565,0.199433209,56305.56,8,93.6623162,1.749625996,2.94,NA,NA,6943.056422,7.6,NA,NA,10.78031092,NA,NA,NA
Marshall Islands,MHL,Upper middle income,East Asia & Pacific,11.16448465,NA,NA,NA,NA,NA,NA,63.94496918,81,NA,NA,10.24133222,NA,212126800,NA,2.477058976,NA,-1.554391146,-0.074093878,-1.142927647,38.701,NA,NA,NA,52.9,53.5,9.1,NA,NA,58.8,NA,NA,NA,NA,23.4588794,0.458330256,NA,NA,NA,243.3158638,NA,NA,NA,NA,NA,NA,NA
Mauritania,MRT,Lower middle income,Sub-Saharan Africa,32.15957247,79.90000153,28.80200005,NA,NA,0.353,NA,39.40896988,81,12.82910824,12.9261561,47.42299178,101.7579707,6537356581,13343.16263,0.657914406,6,-0.726632476,-0.807347,-0.810981035,20.801,NA,NA,NA,78,7.8,33.7,6.6,7.6,45.6,0.544551732,1.270025611,4249.284,18,17.6441074,0.363712536,2.2,NA,NA,16.19810628,2.6,0.29284904,NA,99.77814747,14.27557377,6.573235,489940.5608
Mauritius,MUS,High income,Sub-Saharan Africa,NA,NA,45.18700027,NA,NA,0.626,36.8,97.12110138,97,86.31898499,3.857229495,14.45782732,2181.716093,12083527454,NA,NA,0.6,0.876084864,0.269755602,1.019597173,55.403,17.634357,23.65692884,2.5,32.7,15,43.5,1.503947921,2,91.9,0.590038608,0.743883304,NA,27,48.5718836,0.973773938,2.65,NA,NA,2774.599693,NA,NA,NA,NA,NA,NA,NA
Mexico,MEX,Upper middle income,Latin America & Caribbean,9.215213455,11.10000038,44.11299896,50.40509924,42.8703099,0.607,45.4,105.103363,88,25.84820938,7.232003145,20.92111579,3398.276474,1.17789E+12,663424.9544,3.943827403,3.55,-0.153388038,-0.854427576,0.158430099,63.852,12.938437,12.85090023,31.6,57.1,12.8,57.9,8.8,4.9,83.8,0.140869138,0.219427327,5921.051,15,87.7744676,1.184813559,3.08,17.4,10.5,403.683079,6.3,-6.3182579,69.4,7.508692562,0.6256288,37.154804,1775461.101
"Micronesia, Fed. Sts.",FSM,Lower middle income,East Asia & Pacific,1.196237862,NA,NA,NA,NA,NA,NA,NA,75,NA,NA,11.28339944,NA,342609600,NA,1.297581999,15.4,-0.148862943,0.693138659,-0.959180534,35.304,NA,NA,0.1,51.7,32.7,NA,NA,NA,61.3,NA,NA,NA,NA,NA,0.697035932,NA,NA,NA,418.4496404,NA,NA,NA,NA,NA,NA,NA
Moldova,MDA,Lower middle income,Europe & Central Asia,14.27368871,NA,40.94900131,NA,72.8779121,0.58,25.7,86.36389923,93,31.5098114,6.985867741,16.25103271,567.0382751,9519308759,11350.63,1.825536995,0.2,-0.466520488,-0.726832509,-0.030300349,76.125,6.230013,12.16782503,9,40.2,NA,43.4,5.37389237,3.3,84.4,0.878627231,1.125537885,2647.226,11,NA,3.146540867,2.52,NA,NA,805.089288,2.7,-2.0118033,NA,2.345186067,12.21439725,25.767605,838659.0664
Monaco,MCO,High income,Europe & Central Asia,NA,NA,NA,100,100,NA,NA,NA,99,NA,NA,NA,NA,NA,NA,NA,NA,NA,NA,NA,97.053,NA,NA,NA,NA,NA,NA,NA,NA,NA,NA,NA,NA,NA,100,3.419884158,NA,NA,NA,NA,NA,NA,NA,NA,NA,NA,NA
Mongolia,MNG,Lower middle income,East Asia & Pacific,3.42973729,42.70000076,53.42399979,NA,23.72208057,0.626,32.7,NA,99,90.59443665,-13.09509739,40.11284905,11836.29989,11343401729,NA,8.300172198,0.46,-0.233347699,-0.427831829,0.027358066,23.714,21.874137,22.20045424,3.3,67.2,NA,33.3,3.215392634,2.3,82.5,0.381130065,0.569996625,4656.279,19,NA,2.690781792,2.4,NA,NA,9.531377456,3,0.06015021,NA,10.62925342,15.75352782,11.917596,NA
Montenegro,MNE,Upper middle income,Europe & Central Asia,43.00406055,NA,46.40399933,NA,93.59692069,0.615,39,90.08804321,86,60.27470779,NA,20.78181355,NA,4156718417,NA,3.240945327,2.425,0.131161496,0.022817332,0.358248919,71.272,20.850275,25.56938198,8.4,48.2,6.6,37,4.9,3.7,81.9,0.232038256,0.363446007,20104.41,12,69.5895861,1.498948452,2.65,36.1,21.7,447.8827224,3.6,0.14680388,NA,2.631611481,1.263803778,16.463959,NA
Morocco,MAR,Lower middle income,Middle East & North Africa,11.31745963,13.10000038,21.57799911,38.75015085,70.26643983,0.5,NA,81.18557739,99,19.29215431,21.01935924,32.59354146,848.143007,96282277131,80436.71521,1.744435849,0.9,-0.209295884,-0.217327252,-0.285525531,61.762,8.422843,8.814257835,5.4,51.1,16.7,50.2,5.21430717,5.6,75.6,0.288611769,0.467134062,NA,21,34.055415,0.560683229,2.67,NA,NA,292.9806635,3.4,-4.6122307,62.8,5.769541644,0.487739306,3.092664,1196994.145
Mozambique,MOZ,Low income,Sub-Saharan Africa,86.40050892,80.30000305,77.52600098,NA,NA,0.361,NA,35.40671921,88,26.80052185,4.97051266,21.29869546,3815.695733,16275337948,380308.2925,0.285402032,63.7,-0.874281287,-0.780992508,-0.752143919,10,7.880524,10.62514317,0.2,56.9,16.3,62.1,6.849035223,7.6,76.9,NA,NA,NA,24,16.0747324,0.258061639,2.59,NA,NA,64.61735507,5,0.33561195,41.4,11.36107411,3.960110263,12.367944,42795.11719
Myanmar,MMR,Lower middle income,East Asia & Pacific,61.52781165,41,47.70399857,NA,NA,0.473,30.7,68.43682098,91,22.54398346,20.1963141,35.55745292,19184.86071,57555811010,528416.2177,0.476580079,4.8,-1.068651795,-0.588357687,-0.74420017,30.678,NA,NA,NA,54.8,9.4,73.2,8.8,9.1,58.8,1.299669912,2.478707082,1555.439,19,13.3427744,0.28502809,2.34,80.1,15.1,1658.730909,4.8,0.52869868,57,8.604187355,0.690999372,5.732731,108921.3561
Namibia,NAM,Upper middle income,Sub-Saharan Africa,26.46842984,39.40000153,55.4679985,NA,NA,0.435,59.1,NA,89,70.41741943,1.394340436,25.3587654,2709.562203,12519782799,38049.27078,1.793035405,13.8,0.10644199,0.338137329,-0.07600899,51,NA,NA,6.2,72.7,8.6,87,5.084458173,4.2,86.3,0.603627226,0.970043994,NA,32,34.4853086,0.462279958,2.73,NA,NA,10.95146499,5.2,-1.5643819,NA,31.78645929,8.904464625,10.060413,329041.3335
Nauru,NRU,High income,East Asia & Pacific,NA,NA,NA,NA,NA,NA,NA,96.70417786,90,NA,NA,NA,NA,117537533.5,NA,NA,NA,-0.076744027,-0.55396831,-0.142985597,57,NA,NA,NA,NA,NA,NA,NA,NA,NA,NA,NA,NA,NA,32.8272258,1.332865169,NA,NA,NA,1780.292463,NA,NA,NA,NA,NA,NA,NA
Nepal,NPL,Lower middle income,South Asia,NA,54.29999924,82.71199799,NA,27.24335289,0.49,NA,80.17991638,91,37.92153168,35.81454724,99.73437372,7366.133166,19003217736,40762.71529,NA,15,-0.902338326,-0.673725665,-0.737436116,34,2.125863,NA,NA,47.6,NA,45,5.6,7.5,73.8,1.005134413,1.538377555,4363.672,12,NA,0.171447992,2.45,NA,NA,1527.581723,7.8,0.03027664,56.4,0.898184561,2.021200777,11.491376,466191.1652
Netherlands,NLD,High income,Europe & Central Asia,5.889463079,NA,58.37200165,97.47326416,99.9510128,0.8,28.5,134.2794342,93,99.7885437,18.78999568,12.03440807,652.2380541,8.53335E+11,195873.7639,10.02797271,0.071428571,1.850465655,2.009312391,2.020490646,93.197,44.325478,48.00629618,100,39.3,13.1,40.9,2.4,2.9,97.5,0.081484628,0.098384175,86501.09,10,100,1.469170813,4.07,46.9,58.5,8014.731649,8.6,-10.21471,82,4.175001133,5.11E-07,NA,4356554.774
New Caledonia,NCL,High income,East Asia & Pacific,4.759221211,NA,57.95800018,NA,96.66085217,NA,NA,NA,NA,NA,NA,NA,NA,NA,NA,19.26650154,NA,NA,NA,NA,NA,NA,NA,NA,NA,NA,NA,NA,NA,NA,NA,NA,NA,NA,99.99999999,1.092852073,NA,NA,NA,130.556596,NA,NA,NA,NA,NA,NA,NA
New Zealand,NZL,High income,East Asia & Pacific,30.78917555,NA,64.83200073,88.67926037,100,0.767,NA,114.6388321,93,98.96743011,12.05406527,5.956001129,72510.36654,1.68914E+11,78130.97988,7.325874031,NA,1.670251369,2.175004482,2.007552147,90.811,32.781504,26.79015407,79.9,57.2,5.4,51.5,1.5,1.7,94.4,NA,NA,76362.47,14,99.99999997,2.041181342,3.68,50,56.6,1095.643176,7.5,2.3476884,78.8,10.92307331,0.844677106,19.724666,2161933.52
Nicaragua,NIC,Lower middle income,Latin America & Caribbean,48.20490919,45.5,49.4469986,NA,51.60051104,0.531,NA,NA,98,19.93780518,15.48357656,17.61418045,25428.42087,10116249813,16323.04343,0.887087256,3.4,-0.802469909,-1.092894316,-0.705214679,27.863,6.858191,6.152468117,NA,48.9,12.3,43.8,6.1,4,86.3,0.952078634,1.655857462,NA,19,55.3817689,0.748455056,2.56,27.5,4.2,332.9144433,5.6,0.40742916,54.2,18.95091149,1.727054235,48.573554,619752.6739
Niger,NER,Low income,Sub-Saharan Africa,78.93982752,70.09999847,60.85499954,9.60482373,NA,0.316,NA,24.25374985,79,10.49382305,4.929411473,94.05381768,181.9111975,9746583207,11460.91583,0.097016004,48,-0.766042531,-0.579646349,-0.639151871,10.224,2.503458,6.6249441,NA,73.8,NA,49.4,8.8,8.4,59.4,0.576936412,1.095516242,5170.278,29,NA,0.592663625,2.29,NA,NA,90.09719459,2.8,-0.16865798,49.6,54.80809087,7.894943,15.679413,850419.2294
Nigeria,NGA,Lower middle income,Sub-Saharan Africa,86.63562156,50.20000076,48.18299866,26.65462071,20.13256048,0.342,35.1,42.00254059,56,24.528759,-0.076596187,71.79817438,1252.799653,4.33603E+11,301010.1259,0.647284835,NA,-1.022590756,-1.046154618,-0.803053617,42,NA,27.42938957,0.2,50.4,10.9,61.5,8.7,6.9,63.1,0.115190412,0.227439611,NA,23,19.0110803,0.50238764,2.59,40.2,13,577.764196,2.9,-0.12226307,48.4,9.405511912,0.354655289,40.639703,1440491.658
North Macedonia,MKD,Upper middle income,Europe & Central Asia,24.21812973,NA,43.01300049,16.5561306,81.00795469,0.534,34.2,79.990448,92,66.67263794,14.51007044,29.72694451,2598.933956,9534221126,12992.24699,3.388998171,6.557142857,0.090243079,-0.364849657,0.526391685,74.517,10.08334,20.74353082,0.9,46.5,NA,68.5,5,7.2,85,0.326360859,0.482110271,6652.064,8,NA,1.075145043,2.62,25.7,15.1,739.7450002,3,-2.9251707,NA,4.93288777,4.389395071,23.219106,733839.2759
Northern Mariana Islands,MNP,High income,East Asia & Pacific,0,NA,NA,NA,90.24329897,NA,NA,NA,NA,NA,NA,9.892981129,NA,NA,12.48858574,NA,NA,NA,NA,NA,NA,NA,NA,NA,NA,NA,NA,NA,NA,NA,NA,NA,NA,NA,99.7528495,1.703058058,NA,NA,NA,0,NA,NA,NA,NA,0.301657,NA,NA
Norway,NOR,High income,Europe & Central Asia,57.7720016,NA,60.43999863,76.31749323,98.34297535,0.771,27,117.4500885,96,99.36239624,17.45481348,6.956519803,74359.11012,5.14423E+11,63536.73207,7.836962479,0.142857143,1.887119412,2.090203762,1.791627169,96.358,128.759124,NA,64.3,71.3,9.8,67.9,1.8,2.5,96.9,0.001542198,0.002125801,126315.9,8,100,1.185614057,3.74,59.2,72.1,1567.289061,8.2,-0.09406506,82.9,6.012900342,0.010264833,13.980066,8096461.265
Oman,OMN,High income,Middle East & North Africa,0,NA,30.94799995,NA,90.27503841,0.622,NA,107.0907669,99,NA,-15.50580877,41.11523827,347.6308954,72005866178,62201.5508,14.16707578,NA,0.186578199,0.246131524,0.173303932,80.186,39.604434,40.23518862,13.4,77.2,24.5,27,3.3,1.8,38.8,NA,NA,NA,NA,96.1266374,1.230337079,3.16,NA,NA,347.6643844,NA,-2.1017522,68.4,19.24398945,0.090728,18.355133,1157621.719
Pakistan,PAK,Lower middle income,South Asia,46.47632492,45.5,21.65200043,NA,35.31434653,0.389,33.5,43.81882858,75,14.21588993,4.963537394,58.28241877,281.6081824,2.21139E+11,369734.5837,0.987832348,6.625,-0.633844316,-0.790824711,-0.63660723,15.51,1.460759,NA,0.1,56.2,7.6,45.1,8.2,7.8,49.4,0.587807729,0.867367664,NA,17,13.7567447,0.447801746,2.64,62.3,23.3,1170.479729,2.4,-6.0592225,56.8,0.982467317,1.6761137,9.627068,598100.9908
Palau,PLW,High income,East Asia & Pacific,0,NA,NA,NA,NA,NA,NA,NA,95,NA,NA,NA,NA,230547900,NA,12.61985896,NA,-0.012124174,-0.55396831,-0.057318993,NA,NA,NA,NA,NA,NA,NA,NA,NA,58.8,NA,NA,NA,NA,43.6265775,1.231438506,NA,NA,NA,0,NA,NA,NA,NA,NA,NA,NA
Panama,PAN,High income,Latin America & Caribbean,21.23415234,25.79999924,53.41199875,NA,NA,0.532,49.2,76.13717651,88,32.86400223,28.77608865,11.40005433,35013.83508,37691400000,16248.77229,2.654140941,3.157142857,-0.01945203,-0.554449081,0.361316681,57.865,46.68015,44.40302973,23.1,45.8,9.1,72.9,5.5,2.5,79.4,0.213874501,0.382375705,4422.101,23,81.9490477,1.041901886,3.26,NA,NA,426.2893371,5.3,-0.39144998,68.8,7.264679711,0.255604474,13.208301,2319646.022
Papua New Guinea,PNG,Lower middle income,East Asia & Pacific,52.49865195,NA,46.58200073,NA,NA,0.384,NA,47.4961586,35,NA,NA,12.29441826,100796.1639,20198065709,11087.45706,0.911013497,NA,-0.677340209,-0.876111984,-0.532441914,11.209,NA,NA,NA,78.3,13.1,68,7,4.6,60,0.970758795,1.62318852,NA,NA,14.4376576,0.362179813,2.31,NA,NA,2457.3039,NA,NA,NA,NA,NA,NA,1821704.076
Paraguay,PRY,Upper middle income,Latin America & Caribbean,61.67699459,17.60000038,59.01200104,58.46916165,63.89456928,0.533,46.2,NA,88,38.29595184,9.078450822,11.90908085,17728.54596,31853134106,50843.9542,1.092871037,2.871428571,-0.517214417,-0.838829875,-0.075281866,61.076,9.04674,13.20063577,0.7,63.4,NA,45.8,6.242424227,3,94.4,0.186126446,0.313693612,8758.356,13,NA,0.769401769,2.7,NA,NA,282.1625113,5.2,0.11795592,57.9,24.83079756,2.989776875,2.079037,626488.1362
Peru,PER,Upper middle income,Latin America & Caribbean,25.50390552,34.20000076,69.96900177,42.7647232,50.35065162,0.586,42.8,108.8338013,84,27.02474594,7.127666434,24.78672805,54535.74017,1.80516E+11,74806.95674,1.856501313,4.385714286,-0.245430946,-0.531883895,0.498354286,48.728,11.059607,11.42475466,46.4,58.1,18.7,41.4,6.428108483,3.8,95,2.079930485,3.944415625,2529.554,18,75.0116372,0.757874258,2.78,10.6,4.2,431.8112943,5.3,-2.2352532,63.3,3.989638895,1.9252732,8.207259,2413096.139
Philippines,PHL,Lower middle income,East Asia & Pacific,27.45154445,38.29999924,45.99100113,51.64014012,46.6540191,0.548,44.4,84.04538727,65,18.02635193,23.30384381,18.06979891,4765.546172,2.90824E+11,167297.5497,1.179649658,8.2,0.049509421,-0.544873238,-0.056573693,60.055,3.377936,3.932277078,0.7,48.5,12.3,52.1,9.2,6.6,81.3,4.336387846,5.505584548,2671.374,48,19.2652176,0.397801188,2.91,81.6,5.3,1733.273015,6.6,-0.27134056,61,6.587208694,7.7963781,0.360592,1738362.23
Poland,POL,High income,Europe & Central Asia,11.91148821,NA,48.91400146,93.25245393,99.15606873,0.747,29.7,111.9701996,95,84.22105408,10.77657861,20.87782222,1410.090857,4.79854E+11,414606.8923,7.875581533,0.3,0.662650824,0.641523778,0.884633839,75.985,43.484446,50.07932203,60.9,48.9,8,59.9,2.7,2.7,93.8,0.082080136,0.124666999,7406.318,10,88.3584085,0.806024468,3.5,23.1,24.1,1563.181283,4.8,-7.7224838,75.6,10.26187089,0.017873221,0.718076,1157371.348
Portugal,PRT,High income,Europe & Central Asia,27.15729839,NA,54.51699829,84.70744585,95.31190784,0.776,33.8,120.8339767,99,87.46099854,4.687715519,8.160752248,3653.473078,2.11118E+11,72524.21851,4.720545309,0.5,1.208908916,0.849960387,0.885416269,73.791,NA,NA,55,38.6,33.1,6.1,0.7,1.92462928,97.5,0.043985157,0.050832442,16196.54,11,99.99999971,1.272017903,3.56,NA,NA,1248.836374,6.4,-2.3802407,77.8,44.61166962,0.095979956,10.366178,2910998.306
Puerto Rico,PRI,High income,Latin America & Caribbean,1.837446383,NA,32.1629982,32.54414017,94.08497256,NA,NA,85.19300079,NA,NA,NA,8.349033339,2008.558155,68085700000,3293.25488,NA,NA,-0.156924009,0.040191598,0.946302474,NA,30.370523,21.25251908,NA,NA,NA,NA,NA,NA,81.3,NA,NA,NA,NA,97.756879,3.373322644,NA,14.9,17.7,1697.070237,NA,NA,NA,NA,NA,NA,20674288.05
Qatar,QAT,High income,Middle East & North Africa,0,NA,56.93700027,96.03153716,96.18278647,0.615,NA,NA,98,NA,26.9441467,91.18732793,22.77165157,1.74709E+11,103155.1207,38.90147093,NA,0.631236374,0.725007653,0.598764777,97.389,195.650804,165.0480399,70,76.4,6.4,90.8,1.7,1.7,32.5,NA,NA,10711.24,NA,99.999811,1.332865169,3.5,NA,NA,983.7543836,3.2,NA,81.2,NA,0.053924,1.112203,1693651.036
Romania,ROU,High income,Europe & Central Asia,NA,NA,45.7480011,76.54068847,81.9158095,0.601,36,89.06909943,86,37.8348999,2.836090104,14.61134019,2128.687764,1.67674E+11,121762.2251,NA,4.885714286,NA,NA,NA,63.747,23.369967,30.81174851,30.4,44.2,54.5,78.7,2.401909753,2.3,NA,0.400591332,0.533905204,6001.783,8,74.4872671,0.694610691,3.1,18.8,12.1,749.4444508,4.1,-4.2206253,70.2,4.404494195,0.060462318,7.206242,1377063.4
Russian Federation,RUS,Upper middle income,Europe & Central Asia,3.304228351,NA,55.24300003,61.30621915,76.02773435,0.729,37.5,103.7631073,97,70.23621368,7.729186786,16.16022381,29981.99148,2.14063E+12,2803398.488,11.99943207,0.014285714,-0.060885753,-0.845211625,-0.546325922,76.008,18.57975,23.78739461,18.5,79.4,4.3,36.2,8,4.9,73.1,0.193398016,0.409969482,15373.79,11,83.5871,1.176936825,2.69,51.8,22.9,295.928363,3.4,-0.23606018,69.7,8.413759731,0.081767368,9.372142,763585.6918
Rwanda,RWA,Low income,Sub-Saharan Africa,86.65537429,53.20000076,83.90499878,NA,NA,0.374,43.7,44.31903839,97,38.65184402,-3.339425163,43.21021716,857.119528,7559541009,6689.948897,0.095533926,59.2,0.20680891,0.57835114,0.086449213,21.768,31.517075,NA,NA,47.3,NA,71.5,6.055203795,7.8,78.1,0.349793283,0.565369657,1847.198,8,NA,1.033549015,2.9,NA,NA,1321.529722,2.9,-0.8384332,48.2,6.925098979,0.917071143,4.94577,1129984.866
Samoa,WSM,Upper middle income,East Asia & Pacific,34.32489441,NA,31.24900055,48.46765941,58.82110638,NA,NA,93.25814056,34,NA,NA,11.54802701,NA,733708474.6,356.08696,1.262955252,1.1,0.590758741,0.642488003,-0.109795049,33.611,NA,NA,0.3,65.8,54.3,5.9,4.1,2.6,80,NA,NA,7842.369,NA,20.3705454,0.41011236,NA,NA,NA,1671.478194,NA,NA,NA,NA,NA,NA,2060475.549
San Marino,SMR,High income,Europe & Central Asia,NA,NA,NA,77.226125,100,NA,NA,67.96589661,90,NA,NA,NA,NA,NA,NA,NA,NA,NA,NA,NA,60.182,NA,NA,NA,NA,NA,NA,NA,NA,80,NA,NA,NA,NA,NA,1.452985668,NA,NA,NA,0,NA,NA,NA,0.497412844,NA,NA,NA
São Tomé and Principe,STP,Lower middle income,Sub-Saharan Africa,41.05599898,86.59999847,41.63299942,NA,NA,NA,56.3,89.33811951,95,NA,NA,28.53958436,11137.96257,245986415.3,195.4869613,0.595447455,34.6,-0.639390349,0.183677375,-0.840068579,29.931,7.397152,8.47062838,0.3,37.2,17.2,97.4,5,5.1,86.3,NA,NA,NA,NA,18.8915836,0.375770869,2.56,NA,NA,631.1360591,NA,NA,NA,NA,NA,NA,1258326.456
Saudi Arabia,SAU,High income,Middle East & North Africa,0.005976542,18,21.95000076,77.75213927,NA,0.585,NA,111.7947998,96,64.56370544,15.08672956,87.94544668,77.62721046,7.46963E+11,NA,17.36758781,NA,0.323498219,0.359760195,-0.075762257,82.12,28.260764,29.94792885,11.8,74.2,18.5,30.7,6,4.1,70.6,NA,NA,NA,35,91.9136189,1.435393258,3.08,NA,NA,20.37536125,3,-3.1990438,73.5,NA,0.008484408,19.946912,NA
Senegal,SEN,Lower middle income,Sub-Saharan Africa,42.71175163,38.79999924,34.98300171,21.45576506,NA,0.418,NA,46.23905182,82,34.48883438,12.30132889,40.6958259,1820.140361,17523080083,54185.37188,0.727113125,38.5,-0.26781556,-0.024931731,-0.107298389,46,NA,NA,0.5,53.1,12.8,46.8,5.382238108,6.4,63.8,0.167573351,0.207952051,NA,21,18.0284835,0.447287666,2.34,NA,NA,183.1163069,1.7,-1.2306727,54.3,9.369132514,1.402507333,2.651819,323391.3412
Serbia,SRB,Upper middle income,Europe & Central Asia,21.17388528,NA,47.5359993,24.72604511,74.7295448,0.755,36.2,94.47219086,96,64.52927399,-0.71012968,24.72635819,1179.007138,41901838322,NA,6.406826438,6.2,0.111619763,-0.370249122,0.113143586,70.331,5.590318,7.678126949,1.7,42.8,NA,34.9,4.8,7.7,93.8,1.350968723,1.678804041,6375.166,9,NA,0.728436975,2.83,27,16.3,1381.114207,4.2,-4.5995833,62.8,1.934135412,0.3095256,20.058131,NA
Seychelles,SYC,High income,Sub-Saharan Africa,1.352935548,NA,NA,NA,NA,0.678,NA,78.61128998,99,NA,NA,20.17864936,NA,1000312415,910.2873583,6.390728477,1.2,0.50228399,0.7027964,-0.15724276,58.77,NA,NA,1.6,23.6,18.1,95.8,5.747338085,2.3,76.3,NA,0,13664.96,NA,63.1015124,1.526918232,NA,NA,NA,3156.84206,NA,NA,NA,NA,NA,NA,1098897.404
Sierra Leone,SLE,Low income,Sub-Saharan Africa,77.66055863,75.59999847,57.41600037,13.34950326,9.919126645,0.351,35.7,41.79632187,93,12.92098331,-12.89908344,21.62594668,22801.29922,3924034071,11810.88702,0.149104947,54.7,-1.142947793,-0.492306381,-0.886755645,9,NA,NA,NA,48.8,18.7,36.4,4.1,7.1,63.1,0.533588475,0.798266778,NA,35,16.2131539,0.315110865,2.06,NA,NA,372.0275298,3.1,-0.04868811,39,27.65308483,0.1031719,47.494987,332238.7273
Singapore,SGP,High income,East Asia & Pacific,0.708635297,NA,62.07400131,100,100,0.884,NA,105.8442993,96,96.37825012,36.17878913,19.0782565,109.6947488,2.81965E+11,55910.2813,6.694046297,NA,2.2314744,2.174832582,2.127242565,84.45,NA,479.1004262,100,45.1,71.4,34.6,1,1,82.5,NA,NA,NA,4,99.9546178,3.859497039,4.05,NA,NA,47117.1353,4.8,NA,87.4,11.83078095,NA,NA,5043175.336
Sint Maarten (Dutch part),SXM,High income,Latin America & Caribbean,0.046334032,NA,NA,NA,NA,NA,NA,NA,NA,NA,NA,NA,NA,975606703.9,NA,NA,NA,NA,NA,NA,NA,NA,NA,NA,NA,NA,NA,NA,NA,NA,NA,NA,NA,NA,99.9678003,NA,NA,NA,NA,NA,NA,NA,NA,NA,NA,NA,NA
Slovak Republic,SVK,High income,Europe & Central Asia,13.40916822,NA,52.37900162,82.51972016,99.78773411,0.694,25.2,91.36260986,96,77.93739319,4.492910195,17.56291134,2325.302857,92944810119,46301.27397,5.970322225,0.585714286,0.707461536,0.36298427,0.808710277,81.626,146.294139,168.4355101,43.7,47.3,NA,64.2,1.532660509,2.9,94.4,0.318721662,0.414437848,49527.18,14,NA,0.921862731,3.14,30.4,21.4,939.799264,5,-7.7388092,68.3,8.797869042,0.016595077,19.723568,2007392.068
Slovenia,SVN,High income,Europe & Central Asia,20.87739614,NA,53.81000137,83.04132297,98.05297254,0.788,24.2,114.489212,93,95.46062469,10.76345043,16.02397998,9054.404019,45854173714,21074.74834,6.117461533,0,1.125805974,0.870350242,0.654117286,78.885,42.62923,51.22998614,89.1,51,NA,58.4,0.710572879,3.1,93.8,0.53399947,0.648785261,17819.26,7,98.8698692,1.260520727,3.29,14.1,25.3,1158.276204,5.9,-4.3428326,NA,3.483466824,0.535695667,20.775922,2175787.486
Solomon Islands,SLB,Lower middle income,East Asia & Pacific,63.3074464,NA,82.14399719,NA,NA,0.443,NA,NA,85,NA,NA,11.87912184,76139.66774,1133828067,4591.464527,0.272315022,25.1,-1.054240704,-0.004931315,-0.833173454,11.924,NA,NA,NA,76.2,31.8,48.4,5.9,4.1,56.9,3.447257226,5.711479236,NA,NA,13.7224969,0.897120787,2.52,NA,NA,1076.647028,NA,NA,NA,NA,NA,NA,246942.5737
Somalia,SOM,Low income,Sub-Saharan Africa,94.28596661,73.59999847,21.73900032,NA,NA,NA,NA,NA,42,NA,NA,32.03458423,446.9747853,NA,21916.32322,0.045496236,NA,-2.191029787,-1.800311685,-2.251584291,2.004,NA,NA,NA,NA,NA,NA,9.81132849,9.1,46.9,NA,NA,NA,NA,15.2498318,0.456347832,2,NA,NA,38.53668431,1.8,-0.87808337,NA,4.547521323,8.731457684,23.554937,NA
South Africa,ZAF,Upper middle income,Sub-Saharan Africa,17.15014125,23,49.52000046,NA,NA,0.406,NA,100.5111694,74,62.63527679,1.040868651,25.10220499,821.3252556,3.85573E+11,NA,8.480658464,17.45,0.340378612,-0.023047391,0.129761949,56.167,14.706792,17.49591078,21.7,58.7,7.8,50.2,6.719999693,4.5,88.1,0.233281846,0.406675397,11884.63,30,46.0126268,1.002258137,3.51,NA,NA,135.9720768,6.2,-5.1354058,67.3,23.66205155,2.058258742,38.163669,NA
South Sudan,SSD,Low income,Sub-Saharan Africa,39.07438432,95.59999847,70.875,NA,NA,0.302,NA,11.00998974,49,3.852201223,NA,45.57750557,2463.314847,11486155559,NA,0.159441965,NA,-2.449409246,-1.728170753,-2.04528594,7.977,19.763713,12.99414739,NA,NA,NA,NA,9.4,9.7,70,NA,NA,NA,NA,NA,0.673675647,NA,NA,NA,67.04982914,2.6,0.26581555,NA,1.077931749,14.31377671,24.454408,NA
Spain,ESP,High income,Europe & Central Asia,16.25409774,NA,52.00600052,96.62017615,98.4414892,0.743,34.7,126.1791534,96,93.08876038,9.989768806,9.697927863,2392.381453,1.31422E+12,348257.2922,5.249157873,0.971428571,1.002135754,0.613605201,0.949106216,84.602,36.20924,39.56182405,91.5,40.8,17.9,53.3,3.7,1.9,97.5,0.057715408,0.066318674,47978.85,10,99.99999996,1.221622959,3.78,22,41,1283.981551,8.1,-6.9987245,75.5,11.17228688,0.003652484,16.22289,3773715.188
Sri Lanka,LKA,Lower middle income,South Asia,NA,NA,35.57699966,NA,NA,0.584,39.8,100.3352203,99,70.58422089,23.3944836,11.09961724,2541.149293,67220575627,30451.82631,NA,1.5,-0.235379338,-0.335573137,-0.17444393,34.113,5.805941,NA,NA,46.1,11.3,31.9,7.1,7.5,68.1,0.179058948,0.246123985,2641.88,27,17.5759938,0.34869223,2.65,NA,NA,1148.621583,2.4,-0.08111022,60.8,4.497314501,4.2266799,14.452087,2207439.874
St. Kitts and Nevis,KNA,High income,Latin America & Caribbean,1.642191194,NA,NA,NA,NA,NA,NA,106.9142075,97,NA,NA,NA,472.6642508,776637629.6,NA,4.616688295,NA,0.551414788,0.452666759,0.511376262,80.71,NA,49.78446344,NA,NA,NA,NA,NA,NA,71.3,NA,NA,NA,NA,93.6691025,1.701916661,NA,NA,NA,404.1887922,NA,NA,NA,NA,NA,NA,NA
St. Lucia,LCA,Upper middle income,Latin America & Caribbean,2.132623536,11.89999962,59.32600021,NA,NA,NA,51.2,89.86512756,95,NA,NA,22.40081712,1682.595235,1567433519,598.7659176,2.301754211,4.6,0.195670322,0.536290526,0.287437856,50.815,NA,NA,0.9,46.8,16.2,26.5,NA,NA,83.8,1.336189339,2.804514027,NA,NA,80.3377288,1.230337079,NA,NA,NA,1386.786883,NA,NA,NA,NA,NA,NA,2617773.445
St. Martin (French part),MAF,High income,Latin America & Caribbean,NA,NA,NA,NA,NA,NA,NA,NA,NA,NA,NA,NA,NA,NA,NA,NA,NA,NA,NA,NA,NA,NA,NA,NA,NA,NA,NA,NA,NA,NA,NA,NA,NA,NA,NA,1.404494382,NA,NA,NA,NA,NA,NA,NA,NA,NA,NA,NA
St. Vincent and the Grenadines,VCT,Upper middle income,Latin America & Caribbean,5.807433397,NA,54.26100159,NA,NA,NA,NA,107.2264099,97,NA,NA,22.20051632,918.6026217,689114185.2,319.2180852,2.010067697,NA,0.195670322,0.768944561,0.257591456,22.004,NA,84.41019172,0.8,42.6,18.5,50.4,NA,NA,68.1,1.365142408,2.151240709,NA,NA,78.7505804,0.80997191,NA,NA,NA,2981.814692,NA,NA,NA,NA,NA,NA,2158756.715
Sudan,SDN,Low income,Sub-Saharan Africa,NA,91.59999847,29.10300064,NA,NA,0.379,NA,46.62173843,93,NA,5.391747579,55.37083444,101.6511346,50742248710,491982.2665,NA,12.2,-1.619856596,-1.426554322,-1.620748878,30.87,2.485881,2.009314403,NA,66.8,9.1,47,8.377030251,9.3,29.4,0.16515863,0.324216423,NA,NA,20.407059,0.205783097,2.4,NA,NA,103.3897546,3.1,-1.1113192,45.7,1.40026924,1.193971,31.354921,103138.3693
Suriname,SUR,Upper middle income,Latin America & Caribbean,24.91311036,7.300000191,38.67200089,NA,NA,NA,NA,82.26363373,81,NA,NA,24.78001054,178933.556,4787510970,2657.877624,3.07702303,NA,-0.655303657,-0.211497366,-0.651415169,48.945,NA,NA,NA,78.1,16.8,25.6,4.3,2.8,66.3,NA,NA,NA,NA,85.4798896,0.419769765,NA,NA,NA,1671.177989,NA,NA,NA,NA,NA,NA,1801253.349
Sweden,SWE,High income,Europe & Central Asia,53.2477698,NA,61.29800034,93.37938042,99.94000246,0.8,28.8,151.7045441,97,99.66757965,18.09075788,6.18466509,17635.93854,5.65134E+11,65767.78706,4.35875184,0.471428571,1.830975056,2.139881849,1.83334589,95.51,192.225796,214.3729467,100,71.6,11.6,68.4,3,4.6,100,0.008532329,0.011172235,77243.36,6,100,1.255550286,4.07,50.7,62.8,1061.714379,7.9,-1.3225689,82.7,16.11898504,NA,9.262361,8592869.778
Switzerland,CHE,High income,Europe & Central Asia,25.29198368,NA,62.92399979,99.53931048,95.45540815,0.767,32.7,102.5706787,96,97.43823242,16.80138545,10.3031001,4933.658776,6.8299E+11,54108.09751,4.117489823,0,2.039620876,2.009996414,1.799361587,89.686,389.744176,340.6432328,96.7,52.9,NA,62,1.4,2.8,85.6,0.130422627,0.162785419,28387.46,5,NA,2.033238492,3.91,65.2,57.1,1845.988999,7.4,-3.3491007,83.1,2.354644702,0.006470513,19.863663,12622688.9
Syrian Arab Republic,SYR,Low income,Middle East & North Africa,0.521155172,19.29999924,14.57499981,NA,NA,NA,NA,NA,47,NA,NA,43.75725947,381.0710083,NA,77118.71186,1.651774073,NA,-1.671169043,-1.62701571,-1.738145351,34.253,NA,NA,NA,NA,NA,NA,9.9,10,36.9,NA,NA,NA,NA,34.6771079,0.606987486,2.1,NA,NA,399.4620733,5.4,-5.9820873,38.4,NA,1.098487657,19.284063,NA
"Taiwan, China",TWN,High income,East Asia & Pacific,NA,NA,NA,NA,NA,NA,NA,NA,NA,91.09177399,NA,NA,NA,NA,NA,NA,NA,1.362331152,1.027811527,1.382461548,NA,NA,NA,7.1,51.4,13.8,100,NA,NA,91.3,NA,NA,NA,18,99.7528495,0.881110151,3.65,52.4,30.8,6315.529831,5.7,NA,NA,NA,NA,NA,NA
Tajikistan,TJK,Low income,Europe & Central Asia,44.65920392,NA,31.24500084,NA,47.86704837,0.533,34,NA,96,38.47501373,14.36820888,46.15218537,7689.480691,9744505076,15364.57529,0.612889431,4.1,-1.097703934,-1.415276885,-1.047201157,21.96,NA,NA,2.2,58,NA,59.8,6.031020278,3.8,78.8,1.216615224,2.133523812,NA,11,NA,0.613952529,2.29,89.2,20.6,414.6649973,1.6,-2.8575983,49,0.562230771,4.7793998,9.395776,634218.9674
Tanzania,TZA,Lower middle income,Sub-Saharan Africa,NA,50.70000076,79.7480011,25.37887822,NA,0.4,40.5,32.03805923,89,37.2505188,16.70478342,29.07664051,1681.351066,39076489001,235353.1169,NA,49.6,-0.756265819,-0.446436644,-0.622852981,25,NA,NA,1.4,53.9,13,57.6,5.475616044,5.8,84.4,0.274806097,0.432066374,NA,22,16.4775771,0.530916535,2.88,NA,NA,260.7086735,3.2,0.16409573,47.6,9.501692763,1.292452706,11.586351,166033.4459
Thailand,THA,Upper middle income,East Asia & Pacific,22.86307013,25,59.45600128,NA,NA,0.604,36.4,115.1526566,97,77.54670715,15.96815152,26.25672656,3280.306341,3.79343E+11,440411.679,4.114223358,0.028571429,0.349959552,-0.398842245,0.10054753,52.892,7.213258,NA,2,48.2,11.1,40.4,8.1,5.4,78.1,0.574954082,1.006284197,3244.634,17,26.6050053,1.09865191,3.36,51,28.9,1473.975571,5.1,-0.28656411,65.1,10.29670021,6.092154474,2.029604,861336.3062
Timor-Leste,TLS,Lower middle income,East Asia & Pacific,18.22368928,NA,61.875,NA,NA,0.434,NA,86.53527069,83,NA,-22.14858931,19.25720917,6995.472316,4305506400,959.3474036,0.406011541,22,NA,NA,NA,27.493,NA,NA,0.3,47.6,46.8,NA,6.463113775,5.7,NA,0.91113646,1.12767082,NA,NA,19.1479421,0.141426861,NA,NA,NA,348.9702533,NA,NA,NA,NA,NA,NA,4487953.356
Togo,TGO,Low income,Sub-Saharan Africa,71.26466714,51.20000076,76.4980011,NA,NA,0.413,43.1,61.84572983,81,34.74357605,-3.972214388,35.73133561,1611.096222,3879283636,22931.85549,0.399417466,53.05,-1.057791114,-0.730158448,-0.651554465,12.36,NA,NA,NA,47,11.1,55.4,6.7,6.6,84.4,0.317898847,0.523580541,1676.693,26,16.4745182,0.43094352,2.48,NA,NA,270.9163437,3,0.24725758,44,10.00217943,0.850710667,5.340274,169165.7109
Tonga,TON,Upper middle income,East Asia & Pacific,1.879751582,NA,45.73400116,NA,NA,0.512,37.6,100.8617935,99,NA,NA,10.78547886,NA,484573131.2,NA,1.269071421,1,0.139354825,-0.070889249,-0.346258223,41.249,NA,NA,0.3,59.2,44.7,42.6,NA,NA,58.8,4.066226155,5.771319012,NA,NA,22.0832389,0.461376404,NA,NA,NA,1050.489217,NA,NA,NA,NA,NA,NA,NA
Trinidad and Tobago,TTO,High income,Latin America & Caribbean,0.284205764,24.70000076,50.27899933,NA,NA,0.613,NA,NA,99,77.07738495,NA,24.10856843,2818.675487,23473195300,61308.52535,31.84485149,NA,0.190237924,-0.31729421,-0.10394647,77.326,57.304924,59.01137055,3.2,52.6,11.8,10.8,6.588957496,2.6,75,0.809909056,1.956763862,NA,NA,96.7195792,1.539484894,2.41,NA,NA,2659.459659,NA,NA,NA,NA,NA,NA,382870.0033
Tunisia,TUN,Lower middle income,Middle East & North Africa,12.56235035,8,23.94599915,78.11826368,92.65752454,0.508,32.8,92.86579895,90,21.04964828,-7.108263174,37.65599375,379.1850116,43139659261,39721.00885,2.64840154,1.1,-0.105261788,-0.053673796,-0.513069749,64.191,7.734795,7.905354792,43,58.4,18.3,51.4,7.4,3.8,70,0.239523938,0.500187363,NA,24,40.4659976,0.680575402,2.59,11.8,13.8,413.2674906,3.5,-5.6625045,60.1,12.03413369,0.1223064,3.60863,1086066.556
Turkey,TUR,Upper middle income,Europe & Central Asia,13.37423004,11.89999962,34.07799911,65.20023833,NA,0.626,41.9,104.4788284,98,56.37540817,11.86811229,44.31152568,2939.199727,8.73968E+11,445640.0784,4.669466686,0.271428571,0.006096762,-0.335413396,0.017527655,64.685,13.582955,14.42246315,30.4,44.3,10.8,56.6,7.466498354,8.7,82.5,0.29010169,0.525904454,15498.97,31,83.5107202,1.123287273,3.29,68.8,14,1127.079719,4.4,-4.0838177,69.8,4.969376948,0.066299621,14.284274,1961152.08
Turkmenistan,TKM,Upper middle income,Europe & Central Asia,0.040887886,NA,51.56299973,NA,93.90399156,NA,NA,89.67060852,99,39.6978569,NA,21.76772098,257.0281183,31835210526,92178.07491,12.47358651,NA,-1.044101954,-1.357909203,-1.979135394,21.251,1.436789,NA,9.8,67.1,NA,76.3,5.4,3.2,NA,NA,NA,NA,2,NA,0.261726031,2.34,NA,NA,84.55197445,NA,-3.6061576,NA,4.623898262,NA,20.729541,345366.4069
Turks and Caicos Islands,TCA,High income,Latin America & Caribbean,0.572166001,NA,NA,NA,NA,NA,NA,76.53668213,NA,NA,NA,NA,NA,NA,NA,5.91791351,NA,NA,NA,NA,NA,NA,NA,NA,NA,NA,NA,NA,NA,NA,NA,NA,NA,NA,99.6099981,NA,NA,NA,NA,0,NA,NA,NA,NA,NA,NA,NA
Tuvalu,TUV,Upper middle income,East Asia & Pacific,0,NA,NA,6.315398778,NA,0.554,NA,41.13389969,89,NA,NA,NA,NA,49401532.41,5.239916769,0.980044543,3.3,-0.693651795,0.028599255,-0.57063967,49.318,NA,NA,NA,NA,NA,NA,NA,NA,NA,NA,NA,NA,NA,26.5139557,1.009860571,NA,NA,NA,511.8136328,NA,NA,NA,NA,NA,NA,9427923.111
Uganda,UGA,Low income,Sub-Saharan Africa,89.05794898,53.59999847,66.87400055,NA,7.0658003,0.382,42.8,NA,93,47.29896927,-7.245400109,50.49432132,1056.562734,26729090816,80725.08492,0.143267095,38.6,-0.606039941,-1.038054347,-0.25120312,23.707,28.749785,NA,0.4,53.8,NA,51.6,7.2,8.8,73.1,0.176000058,0.377168321,NA,26,NA,0.563904494,2.79,NA,NA,363.4965935,3.5,-0.42399122,46.2,10.86872238,0.826484942,15.075878,331112.576
Ukraine,UKR,Lower middle income,Europe & Central Asia,4.144318039,NA,46.97299957,68.45984576,92.00685673,0.647,26.1,NA,69,53.26021194,3.864461232,20.30977582,1217.083631,1.72816E+11,404900.3049,4.493971404,0,-0.415219933,-0.873792946,-0.296577752,58.889,7.751633,12.50210847,14.1,43,12.4,68.2,6.977216186,4.4,78.8,0.590821788,0.790279945,5344.484,9,51.3846703,0.951339067,2.83,NA,NA,822.6174015,3.3,-2.9346998,57.1,9.008700333,0.1185496,12.195659,426812.1463
United Arab Emirates,ARE,High income,Middle East & North Africa,0.137108046,NA,52.35200119,96.28002493,NA,0.659,NA,104.9479294,99,82.9903717,NA,40.91750982,16.27926537,3.7489E+11,204888.719,22.04082852,0,1.431290984,1.151778698,0.930764735,94.82,NA,NA,76.8,76.8,14.5,19.8,2.8,1.9,56.3,NA,NA,39213.19,38,99.9361792,1.640449438,3.89,NA,NA,1818.732015,NA,-2.6367407,76.5,NA,0.001982,42.36563,1829725.576
United Kingdom,GBR,High income,Europe & Central Asia,8.711685574,NA,57.56999969,97.75451456,99.98877925,0.781,34.8,120.783577,94,94.47351074,4.126245834,10.47269039,2244.5022,2.67593E+12,585779.7833,5.776795985,0.2,1.341883779,1.826838136,1.777937651,94.62,315.949047,312.0972778,98.5,44.7,8.8,79.3,3.8,1.733708721,97.5,0.055920743,0.07071395,49789.81,11,99.99999999,1.362898776,4.01,29.3,40.2,1063.229769,7.7,-10.343444,79.1,12.38443063,0.047526919,25.078335,4568148.985
United States,USA,High income,North America,8.716935867,NA,56.38499832,89.96699811,99.00177791,0.762,41.1,99.27558136,94,85.21856689,5.921211398,7.409441662,8853.25503,1.67E+13,6343840.508,15.50220398,1,1.576998353,1.328681469,1.621253848,87.266,42.246447,42.09839523,58.9,58.2,6.6,56.7,3.8,2.1,91.3,0.241984725,0.354038971,76892.04,13,100,2.274959941,3.92,33.1,37,645.2469979,7.2,-1.5068811,83.7,14.41366121,1.7201269,14.474943,2627848.38
Uruguay,URY,High income,Latin America & Caribbean,58.02204118,NA,55.41899872,NA,NA,0.6,39.7,121.176239,91,48.61472702,6.739943117,9.27488332,27114.18601,47564496539,34237.82952,1.975862788,0.142857143,0.558214784,1.259947062,0.512755275,68.28,NA,NA,2.1,52,6.5,64.7,4.503199739,2.2,88.8,0.05693602,0.07976975,23316.21,15,92.3268262,1.031520933,2.78,NA,NA,278.9564628,7.6,-0.90775824,72.8,21.26142071,0.4470303,0.68666,1389238.08
Uzbekistan,UZB,Lower middle income,Europe & Central Asia,2.9701787,NA,52.43600082,NA,58.90380535,NA,NA,97.41873932,98,29.72161865,27.90349271,28.4559012,531.2490856,63857323170,177223.751,2.882785961,NA,-0.547082782,-1.068842053,-1.084990978,52.305,NA,1.024971579,NA,65.9,NA,97.1,6.5,4.7,67.5,NA,NA,2942.495,6,NA,0.377368388,2.5,NA,NA,588.547417,3.6,-5.920259,59,1.099249064,0.813256667,14.439924,360320.3454
Vanuatu,VUT,Lower middle income,East Asia & Pacific,36.1110646,NA,60.97299957,NA,44.13032562,0.471,NA,54.20476913,85,NA,NA,11.65277703,37894.86449,738589540.3,446.2205969,0.527000323,13.2,-0.491711676,-0.162948802,-0.463216752,25.72,NA,NA,NA,70.5,26.4,29.4,NA,NA,58.1,7.033792226,9.907445886,NA,NA,18.7045626,0.729516089,NA,NA,NA,404.2900581,NA,NA,NA,NA,NA,NA,1655211.672
"Venezuela, RB",VEN,Upper middle income,Latin America & Caribbean,12.84157855,32,45.65499878,23.75856302,NA,NA,NA,88.07701874,60,60.18403625,NA,17.00855357,26793.02412,3.71208E+11,281921.3686,5.500712738,NA,-1.581517458,-1.470778108,-2.36391902,72,9.81201,NA,6.4,61.1,12.3,6.8,7.244252688,6.6,85,NA,NA,NA,26,95.0585821,0.918920458,2.37,NA,NA,293.1294915,5.7,-2.2904644,31.2,3.690038191,0.07427772,32.549304,1316708.237
Vietnam,VNM,Lower middle income,East Asia & Pacific,34.99856984,27.20000076,72.77200317,NA,NA,0.666,35.7,NA,75,20.27752304,13.1385084,29.62672834,3918.678374,1.49569E+11,310664.0693,2.057565917,2.8,-0.00344478,-0.485406458,-0.347864956,58.14,NA,NA,0.3,50.8,14.6,45.6,4.210822323,4.4,78.8,1.490759342,2.004655834,1201.884,10,14.0816577,0.309238377,3.16,92.9,27.7,2739.750649,4.6,-0.43207172,64.6,17.26396143,2.22525825,4.790812,481449.902
Virgin Islands (U.S.),VIR,High income,Latin America & Caribbean,3.877525214,NA,58.5909996,NA,NA,NA,NA,NA,NA,NA,NA,10.26531228,NA,NA,61.49277573,NA,NA,0.830126941,0.631795824,0.823880613,NA,NA,NA,NA,NA,NA,NA,NA,NA,NA,NA,NA,NA,NA,NA,3.890161593,NA,NA,NA,672.9919913,NA,NA,NA,NA,NA,NA,NA
West Bank and Gaza,PSE,Lower middle income,Middle East & North Africa,10.47271496,NA,17.4489994,61.2431592,NA,0.554,33.7,90.67230988,NA,11.98157406,NA,33.22563038,194.5656753,13065900000,NA,0.740606555,0.4,NA,NA,NA,NA,31.177745,48.65938166,NA,NA,NA,NA,NA,NA,26.3,NA,NA,5406.76,NA,93.9792595,0.964810946,NA,NA,NA,1817.433052,3.2,NA,NA,NA,0.4625772,NA,NA
"Yemen, Rep.",YEM,Low income,Middle East & North Africa,2.276416687,60.79999924,5.980000019,NA,NA,0.369,NA,51.58068085,65,NA,NA,50.45600689,81.32132437,33831698297,40924.62769,0.390479572,18.3,-2.244353771,-1.638176322,-1.586585879,26.718,NA,NA,NA,NA,NA,NA,9.7,9.7,26.9,0.499447202,0.654732313,NA,26,27.0994979,0.492548873,2.27,NA,NA,82.27442429,3.7,-4.4451118,35.6,NA,0.083892583,81.438127,826683.1052
Zambia,ZMB,Lower middle income,Sub-Saharan Africa,87.98545236,54,70.37000275,NA,NA,0.396,57.1,NA,90,31.24496269,15.35329007,27.43803476,5207.875737,25071084452,320254.2183,0.314182895,62.25,-0.559209287,-0.656285226,-0.484229624,27.853,NA,NA,4.2,65.8,NA,61.6,4.8,5.8,81.3,0.191080229,0.454601603,3192.56,27,NA,0.5136152,2.49,NA,NA,92.47613078,2.9,-0.05569085,44.4,7.095859101,2.707937846,12.424684,78284.94682
Zimbabwe,ZWE,Lower middle income,Sub-Saharan Africa,81.79780855,25.10000038,78.01399994,NA,NA,0.441,44.3,NA,89,43.60118103,-15.82461189,22.25167109,902.3542983,14901273600,72057.80332,0.782776886,21.4,-1.198860049,-1.23474288,-1.503521681,27.055,3.958378,6.013655825,NA,58,NA,82.6,8.5,8.5,86.9,0.002788451,0.050552676,NA,27,NA,0.325773284,2.17,51.7,2.1,101.9301687,2.8,-1.5105175,NA,14.76210379,14.18517883,25.867808,206796.1125
