"ISO3","Name","1995","1996","1997","1998","1999","2000","2001","2002","2003","2004","2005","2006","2007","2008","2009","2010","2011","2012","2013","2014","2015","2016","2017","2018"
"AFG","Afghanistan",34.2997440123811,34.2762652643758,34.325212445506,34.4734409198205,34.4666709054746,34.460373432369,34.8783301190059,35.3014281982178,35.5998556934157,35.3373296031245,34.9648200668652,33.6400081762382,33.4180434014129,33.1446355379262,33.2130838246526,33.3736265096725,33.2808294956992,34.2673245925624,33.9854847944226,33.6021829511965,33.2554872438576,32.427491210269,31.8496299904828,31.4336324916779
"ALB","Albania",43.8411044171369,44.2277409387766,44.2911137715488,44.1765226151191,43.6415588559374,43.831961235951,44.2898671401701,44.80599353781,44.8383464443141,45.4108123068246,45.4329318424783,45.5300521347587,45.9525406068754,46.5204976187329,47.4018952094552,48.2497577823342,48.3603684117265,48.7513898096782,49.1281323241207,49.6606496352293,49.8196421121561,49.5924237732875,49.72191527452,49.8506460933145
"DZA","Algeria",44.269292663304,44.3915192466036,44.3735613260008,44.4407824029317,44.7521207501087,44.9876390788964,45.2013952126634,45.3814803406111,45.7753437382623,46.3231577360482,47.0910049021351,46.7273690539584,46.3594502967175,46.2197064522978,46.1525715301032,46.088408397191,45.6892922292187,45.568526462153,45.7471865926006,44.871359389098,45.2016747855225,45.2910039029705,46.3699444077472,46.5376135292164
"AND","Andorra",,,,,,,,,,,,,,,,,,,,,,,,
"AGO","Angola",33.4361167961787,33.4232804846627,32.6219753865877,32.6052039040102,32.9077706315229,32.8736041820109,33.4033394606586,34.0520155584298,35.2110360607181,35.3063432874584,35.5619487881705,35.7799705876106,35.9956251338024,36.1442415888065,36.4575406433617,36.6475872067952,36.7040702092504,37.4377748396899,37.4530270662997,36.5848533994217,36.6085304528789,36.9785344581528,37.0529412615827,37.3659264128334
"ATG","Antigua and Barbuda",50.6499865202256,50.6770643198449,50.825939093216,50.9244390310052,51.0117909705,51.1444060481807,51.2341078512608,51.4411026107423,51.6474227698914,51.7320695204513,51.321251558038,52.0220960455044,51.7767152229311,52.0157295133678,52.1142836573981,51.8826422732691,51.1841596000485,51.4944490315387,50.9629796926723,49.1897438723611,49.4752512766416,49.1572847308909,48.1634306056128,48.4557600191789
"ARG","Argentina",49.7029804113399,49.8500590511883,49.6618126813789,49.5426156897325,49.5521807082665,49.6506501442956,48.3231258620443,47.3797654297939,47.948750427354,47.7516133982863,49.2679342093593,49.3412272350533,49.6638735271355,49.0374718167763,48.9009963048467,49.2899410837381,49.5877778983455,49.1408555481523,48.2934433781791,46.9925773859895,47.1901087246859,48.4844504408193,48.7575090076014,48.7448045742688
"ARM","Armenia",48.6631753065177,48.6382746724242,48.3355260986939,48.9863086744626,49.0179927855527,49.4800901411991,49.4667866722122,50.9390036742783,51.8125401911533,51.2645558060085,51.390190635197,51.5595310223151,51.5371241420892,52.683412540683,52.2874334119586,52.9187553673367,52.3423045932388,52.7665940930243,53.2486663997816,53.2871837673095,53.7132326031726,54.0065305961,54.0145095568105,54.5084947190457
"AUS","Australia",66.9139784619083,67.0331536088233,67.232051650085,67.4981344995521,67.8127293074548,68.2762404407689,68.634472144331,68.7649092346585,68.9941349923648,69.4158316368307,69.3423908058782,69.8052737681581,69.9250163770436,70.0744864185208,69.5579812451819,69.769556875965,69.9423768247221,69.9976877030882,70.3866086261114,69.6659447573873,69.5069400889254,69.8650461589364,69.2141443874046,69.6018507188759
"AUT","Austria",69.8726562734896,70.1919084444568,70.3653244565717,70.5262871943549,70.747899963496,70.9763593133548,71.3846717073106,71.7071177036141,71.5927028569188,71.8091797763071,71.8484050885576,71.8927364151345,72.1892053217751,71.8338156872668,70.8934385706539,70.8080642010156,70.9171825850179,71.0581031349663,71.3844640079103,71.0313379499362,71.0154228375963,70.9962223174697,71.1380456941579,71.1367606612817
"AZE","Azerbaijan",43.3801520089133,43.2916019463679,43.9876827572556,44.3923482863644,44.3263127440133,44.0327881314433,44.770686323855,47.0055959858679,47.4327226890935,47.6634500479743,47.9654439479408,47.2696499944502,47.0981968298361,46.9294124302773,48.7300041462813,48.8862389872836,49.2801614052781,48.9970023305059,49.8435941519885,50.2188649838156,50.8512727078181,50.8076364921743,50.2737930412229,50.2846015937162
"BHS","Bahamas",50.3592842779804,50.4185941553449,50.7871477489819,51.0137742224932,51.1675452666628,51.4649717271773,51.6011440600339,51.8609684583307,51.745856869562,51.8681652505265,51.9383020149283,51.6572224807599,51.749393046595,51.8468568272865,51.187132814064,50.8651416090565,51.0607852212841,51.2500561722632,50.5072347881551,49.8453924172731,49.4997248840249,49.295332988976,48.908416324988,48.6835642565768
"BHR","Bahrain",49.5335755234716,49.5059948744183,49.8016175533715,50.1227768080185,50.3897948113944,50.6496244701799,51.2965046164336,52.0076077793105,51.7683988672531,51.816757898046,51.3738387663926,50.8712746708419,51.4677984080152,51.8965501607013,52.3022449058237,51.9144619544233,52.2957576011408,52.1228203684413,51.8268325156542,51.8266016516265,51.7895309093846,51.6776884073519,51.3085926238217,51.4450694494364
"BGD","Bangladesh",32.9635946710222,33.0222696025025,32.8955707150396,33.5953760102674,33.2982444046309,33.0847404156115,33.0140482284123,32.8250206043669,32.6391985601574,32.3584113492329,32.5860431694373,33.1907200169917,33.2733311623928,33.7653520555036,33.8310334387615,34.171953456817,34.4952820027356,34.9284171299498,34.2898032430533,35.0983180496606,35.2839775093029,35.7067015204749,35.8410562066056,36.0194134912135
"BRB","Barbados",54.4889649895678,54.4929670551045,54.6980963584181,54.9641639888901,55.0592331168016,55.6299196743814,55.6486205715,56.0127153373275,56.7839567879011,56.8479664830537,57.2286108678922,57.0548918686453,57.5062307100967,57.4920039254891,57.2243595805864,56.9962774927606,57.9175590026897,57.763326922914,57.7330329912719,56.5287618054768,56.8657178010111,56.150675626608,56.142809780795,55.7827311487609
"BLR","Belarus",50.1824077487686,50.5318788553613,50.3768121216647,50.5109021798383,50.64551068521,50.7054431869074,50.7298920638425,50.6342267811612,51.9967674980199,51.9828848989229,52.3013188139447,51.7827931116935,52.5666771941942,53.3644394216916,55.2659339893509,56.1072471113435,56.8055811976345,58.00253183496,57.7738467512917,56.4639514427683,56.4471668068125,56.5920323675644,57.9009422003841,58.2655425802354
"BEL","Belgium",61.4253111026275,61.6939897361438,61.6436518704281,61.2848170661143,61.4206109172824,61.9025458457617,62.1068294635145,62.5247540693352,62.115988609585,62.1360505956615,62.4292025389418,62.3061324618141,62.3383458751949,62.6116277879279,62.8934979016055,62.9423211746035,63.1173379663347,63.3179414490373,63.3296381065574,63.0118663271833,63.0644559247291,63.1985968346073,62.9046312176237,62.5498517097206
"BLZ","Belize",44.8344031574307,45.231356152495,45.0965476902117,45.5098568146362,45.3317272538371,45.5760191467237,45.7165044897928,45.8997677173003,46.2750115875566,45.6485177178419,45.7729418615356,45.6801849856975,45.2844745163853,45.0429129546413,45.1295794854564,44.5378605486884,44.1947543081161,44.54927943579,44.2505350107998,42.6047532687395,42.7934758560761,42.6144027096206,42.6312686427719,42.6206195532929
"BEN","Benin",38.523330748907,38.8030974533381,38.5528874146992,38.8048651605277,38.9042472775651,38.7019950623075,38.6409843392087,38.4029163805831,38.6500198199401,38.3286989492646,37.5935520317426,37.552855168875,37.6538070450464,36.946383600594,36.5406032973319,36.1030273934001,36.492887969181,36.3506092428017,36.7642880533552,35.72744268828,36.6957576262679,36.5619441530781,37.0832335887256,37.7730433639869
"BTN","Bhutan",43.4176854777388,43.379785471094,43.439936945081,43.7510221469875,43.8551620318532,44.2037743045504,44.2399116535247,43.7305877943616,45.486258366256,45.2544184232973,45.919103068321,45.5500909647522,45.5375359951197,45.467048335781,46.0068781669388,45.3736396877376,45.8272272399468,45.6810500954391,45.6464642176796,46.2856987823209,46.4473008222279,46.8182663275223,47.6546308340177,47.7018743216396
"BOL","Bolivia, Plurinational State of",40.4222149172559,40.6824827763338,40.7417845830713,41.143529103281,40.8029957276912,40.5002681329218,40.8269683212538,40.3843003321564,40.4578690651172,41.0671205754873,39.9514888601242,39.8658943133594,40.2580437085479,40.3173465375712,40.2585198547191,41.0535942931957,41.6067037375284,41.1658354635204,41.453364640656,40.3741268591211,40.2435627121001,40.069860663867,40.3735894566803,40.5346487884508
"BIH","Bosnia and Herzegovina",47.5592466195802,47.6277018590227,46.5997616570813,46.8896370923005,47.3490899486519,47.2576835922557,48.0621078592484,48.1982160748434,48.1642268881137,49.0015018669809,48.7605470330161,48.4106838803501,48.2917521452425,48.5358961055731,48.6025701604795,49.1459650928881,49.5983391793612,49.8403109313092,50.0358128123681,49.897564542867,49.2964275672463,49.4254646405778,49.703066817318,49.67744276508
"BWA","Botswana",46.2294010544056,46.3623389864107,46.6363689580391,46.9255061854077,47.1652294037326,47.3238567329764,47.2889578129986,47.2886656584132,48.0739055989652,47.5840123906964,47.7112040111874,47.314910449869,47.1005290045272,46.8770840983014,46.8094191726458,47.2645432713429,47.2066225326557,47.4703186636055,47.6465250691276,47.6569128136431,47.6710449788376,47.9743411893015,47.7468991114743,47.4984924505047
"BRA","Brazil",44.8119540941313,44.8112852550603,44.9888740902381,45.1025962471864,45.4309132725679,45.7989963135798,45.9868624466434,46.2932550581601,46.2657308799306,46.0377227134298,46.0813854908816,46.3189244672699,46.6371077962537,47.1831589616956,47.859375329478,48.2909709465894,48.1089111724087,48.0666624650004,47.89798905121,47.8324700675127,47.6261670574081,47.5367346884829,47.2206334528279,47.2181206004196
"BRN","Brunei Darussalam",53.7900970500693,53.8849619484464,53.5574565003368,53.1643973806604,53.3934270210787,53.5849433827475,53.973359426139,54.2756977889777,54.5046726412589,55.097168248059,54.7598397654367,54.4851723687572,55.0736417174719,55.019103487329,56.2039538769139,56.2059475881461,56.3500558295046,56.2997298154331,56.1550420332379,56.2480214676925,55.6990701074216,56.3981412263232,56.4600295244557,57.595763218502
"BGR","Bulgaria",52.5386563155306,52.9831389825592,54.1362032434464,54.1529412102473,54.105419655273,53.7616855337002,53.9775950905823,54.6820264348562,55.1112803891508,55.3489284204506,55.5290840561088,55.4679405135603,55.3878091764764,55.154793597915,55.2362748444555,55.5684049639191,56.1009929011612,56.3565938357783,56.2704609684413,55.8294278078809,55.8418998600231,55.8548995774818,55.9060888153506,55.8590607165129
"BFA","Burkina Faso",35.2483293578238,35.1825829504773,35.5151194322068,35.5895741422949,35.8857995696512,35.855256994659,35.8672115753685,35.6728910514563,35.6403349274056,35.215690518737,35.0497605450644,34.5898242714361,35.2872930193345,35.631343032984,36.8363101496635,36.701714539106,36.6977879862301,36.6351109763692,36.3869901590352,35.775958158371,36.1479598732703,36.2836773211758,36.3289102059935,36.196734983706
"BDI","Burundi",33.6511856054405,33.2411520302319,33.1710841419985,33.1297266771705,33.7093232680192,33.9931600966972,34.5135668082456,34.7088771512504,34.493491029436,34.1037982881458,34.9977870168496,34.5865034067558,34.399836348229,34.2050810813132,33.9933183227534,33.5904060780318,33.0190703098248,32.6695679860818,34.3461328975317,35.8286236194657,35.0922073291676,34.615226810127,34.5412628068716,34.428929581446
"KHM","Cambodia",38.096699697842,37.3765433700822,37.3724260108717,37.8014733697089,38.3111314061834,38.9477362924562,38.8707392217581,39.1250899480207,39.0358522576162,38.8842934049078,38.7790291216024,37.9261032100734,37.7530572112332,38.3481284583097,38.5700122253318,38.8209831246032,39.4667466193201,39.8161488422808,39.412806638115,38.9312995047601,38.9189312202665,39.486334387992,39.4256017995663,39.2927686951809
"CMR","Cameroon",40.0512339086383,40.2876213990333,40.7512961439134,41.2368277994121,41.2288662290298,41.0892554447928,41.0335158719228,40.8115742968507,41.5279221115016,41.4724269528762,41.1324708203263,40.8605970118649,40.372692128545,40.0500770494708,39.7996270276324,39.5409281616426,39.7860279118416,39.8107133760641,39.7774043105169,38.9337332602025,39.021420456475,38.8556029990852,38.7256462405138,38.6196818225651
"CAN","Canada",67.6974338346392,67.7735569090248,67.9430681849153,67.8329856771038,68.1919268410122,68.4937920482977,68.5625904879677,68.6060392941733,68.5476135430543,69.2464026725919,69.3390458343854,70.0616976124078,69.8134591882194,69.8042863994085,69.7813788399407,69.242892848106,69.689710946536,69.4825421147842,69.2885868740971,68.9807977738365,68.6442528834443,68.566178909395,68.3368593385786,67.8579710727572
"CPV","Cape Verde",48.2423700180942,48.4986556732176,47.790297100731,47.5801081932954,47.7876435951362,47.5046999386645,46.8885334234277,46.6248306418947,47.3880187868867,46.6921810188462,47.1060543337375,47.7503182696995,47.9241712233039,49.0725468308918,49.5435168825836,49.9657087948264,50.9867706440934,49.6701145777938,49.6651245022201,49.8253225759631,49.8889957250592,49.8151260861478,49.8654123936371,49.6940050672596
"CAF","Central African Republic",35.141344581259,34.9958859006702,35.6132585334681,35.1983966184333,34.253543661739,34.091227833126,34.2156450130164,34.1136933453203,33.4942103486834,33.5626702417035,32.2355736745086,31.8575838889439,30.843804833061,30.8302838995447,30.1628820260972,30.7344150185779,30.3166967833785,30.6003754143697,29.2034328245083,27.9409769639597,28.3636430546729,28.2102342649787,27.9071023552782,27.7108507084329
"TCD","Chad",30.2083730297977,30.4068886321546,31.0503580880664,30.6500239304441,30.8347621937189,30.9085705352594,30.6676419736338,31.1745697997483,30.1472693774137,30.5967964217884,29.9512187292437,29.0177835932318,29.1059086589322,28.6356736189084,28.8274489377156,28.9393138189254,28.408106032709,28.9639343270667,28.9225249089752,27.3079341013857,27.5688308298211,27.0364680438067,27.2249143172218,27.1882845837358
"CHL","Chile",57.6504082318053,57.7461049915166,57.5567002058356,57.3831661760742,57.876294710454,58.5105457072975,59.0031419967591,59.6336368457317,59.2815778051389,59.3293866437942,60.0341767074889,59.7381973804008,60.0814006546002,60.2133237546071,60.0327837174768,60.2089859599565,60.7935145455825,61.5765123214511,61.6446898642026,61.5923981684318,61.3519671767061,61.0099410254951,60.8783572978112,61.10839716613
"CHN","China",45.3500634122263,45.5498062431802,45.5506315902012,45.5100000663336,45.5837640299468,45.8170554314579,45.7485182542952,45.8068849352283,45.600715016256,45.9608567323574,46.4058447714751,47.0256709539046,47.7683254930616,48.7943195114515,49.6031914511483,50.5481372292398,50.8598132407957,51.1261814571897,51.4143809693032,51.9408800776369,52.6846068397046,52.8751566937537,53.4505201145752,53.7075065841322
"COL","Colombia",43.3834320788698,43.4329737488875,43.658694249271,43.8694667818585,43.9917903351932,44.0385308823959,44.3060875470583,44.5375451054427,44.5241005924014,44.9190897342016,45.6281590304444,45.6024535068149,45.7249636580987,46.2364525804495,47.0000491857336,48.1082947247607,49.0232430342865,48.8939739967273,48.6809481442841,48.8198872435194,48.7337466555605,48.5221097412142,48.5557804854175,48.3843230644401
"COM","Comoros",37.3993579436785,37.6668847605377,37.3661847467296,37.4021613800837,37.8842426931996,37.4012963854125,38.1868651874384,38.2636991307991,37.3132121765063,37.3993670178084,38.0249585964976,39.2498479283634,38.9850975505072,37.9492035445488,37.8977236037916,38.0531419445945,37.9455792486629,37.7264710529748,37.7765961716735,37.7055474197733,37.588261983454,37.6370185836891,37.5767543578634,37.1158740078826
"COG","Congo",36.4212508967632,36.5145280178083,36.0411741134189,35.5813718215713,36.0032047621137,36.5104344613184,36.4935060779831,36.4628672760963,36.8006680067096,36.7928214186432,36.1685226756078,36.3730212455796,36.3207425333596,36.2841186233913,36.4743827301807,36.8568724062157,36.5256956908257,36.0881597927593,36.1651768541158,35.6826982440235,35.7821648441007,35.8909608171972,35.5518490128778,35.5147838988714
"COD","Congo, the Democratic Republic o",33.9661060581143,34.0462504602127,33.5135213400155,33.6118863623426,33.5594434370186,33.5888508786719,33.3868475861369,33.2704169205277,32.5642936168707,32.5800694894476,32.3815457439811,31.0496016431477,31.0305675216529,30.414680982966,30.4753958870489,30.5460867454164,31.5397946991543,31.33050386915,30.8722993588249,29.2533061065944,29.976337311743,30.5549185698075,30.4434929759306,30.7735443017741
"CRI","Costa Rica",50.9581766280518,50.949322832612,51.5479025268084,51.9084963640441,51.9179454719182,51.9414548765993,51.5452925595357,51.7309070283049,51.8002453282856,51.575519629656,51.9430761277156,51.5868637153435,51.3801837277813,51.7071905360486,52.2133380233114,52.7104995193843,52.6066280539576,53.130059564018,53.4981749572375,53.7046713898918,54.0118367682016,54.0526043621568,53.9576417587081,54.1089077116719
"CIV","Cote d'Ivoire",39.7438982567018,39.6474277692996,39.3989880266385,39.0916157074169,38.3020880328654,37.4496288982692,37.1808176398184,36.7576779977552,36.1663862744645,35.9530868134851,35.8990211717127,35.5182496579758,35.4312550585754,34.9225840366955,35.290591604704,34.9942360599129,35.01064286996,35.6872727550471,36.3345865357673,37.3206130020561,38.3249037151792,38.3693892406428,38.3069146202612,38.9223269652901
"HRV","Croatia",51.5736634802469,51.6349394044335,51.9083387439172,52.2678554946926,52.9225588067485,53.693563327078,54.4441353083948,54.9417049793525,55.7772339908376,56.201170860254,55.9130427573639,55.298397514377,55.5751098959832,55.4515259842188,55.2648642469503,55.6639819675113,55.7609904086062,55.7201487714824,55.8037829012485,55.1821904892572,55.4635076658108,55.7340688138924,55.5416890220115,55.4145627798888
"CUB","Cuba",41.1315971430922,41.0238453476808,40.8635815704154,40.7511179670898,41.4273600828437,41.8353899589392,41.9320886153926,42.0022769309239,41.9121704886654,43.2517994078107,44.3449335193754,46.3587976210838,47.4912361677805,48.1420678870421,47.7682785285569,46.6361932194419,45.7599082466649,44.839188350926,43.894258822004,43.986879321925,44.240053099337,44.7764713079581,45.5739277246494,45.3076328060217
"CYP","Cyprus",55.927220911347,55.9740852520889,55.9451607607465,56.1111700021013,56.353709830259,56.577950590118,56.8064600305675,57.2377944843342,57.8375488641083,57.532469759299,57.7923055295294,58.1424114619671,58.2439444609251,59.1369695589429,59.1612144587552,59.1908905994515,58.808372259923,58.9737909811973,58.6946485216941,58.6419247899806,58.7875712399907,58.5373214336397,58.8848020198021,58.2714099379154
"CZE","Czech Republic",60.3703580422393,60.4276685916266,60.284996694599,60.3028997727827,59.8166876344809,59.4398850441115,60.286433872446,61.0692505597575,61.4426187839036,61.2855155012712,61.6121471808694,61.7644240795546,61.9610566423499,62.2158801900073,61.8352201159521,62.1543565836209,62.8576171755145,62.8385431767921,63.189960349139,63.093189241512,63.2591524454304,63.0463122966812,63.4335574386209,63.2180116901923
"DNK","Denmark",71.2259121520953,71.3122160327083,71.8509194220457,71.8800845262686,72.4542348761397,73.0137580323941,73.3081722317174,73.6897966858576,73.742966230035,74.0810617296503,74.1564494341344,74.2845879454377,74.4828814544674,74.2233241552674,73.901554075073,73.6620660769294,74.1869882009386,74.1733827347021,74.1379862113158,73.4469150259492,73.4572452308857,72.9933556200572,72.9801321601983,72.9563078915792
"DJI","Djibouti",40.4989205022547,40.5111101249584,40.1717829993977,39.9578987436682,40.221393250128,40.4909167849323,40.6088760983801,40.5959515790917,40.9826912636017,41.807333867617,40.8708361854767,40.9320001876571,41.218133843164,41.566582953531,42.0521794027148,41.9096930629472,41.8342053932913,41.646246034468,40.9162527892323,40.8830190367113,41.3738968447041,41.3342921327675,42.513772355225,42.9520623335226
"DMA","Dominica",57.8430138306229,57.2918715220381,56.5490393215287,56.2602146079475,56.1826797083097,55.9994466434571,56.600471066093,57.2126675545065,57.9083832717066,58.0283531433947,58.6196013552565,58.6350128272023,57.6629442382831,58.0924020225616,57.5562387353906,57.4572457101823,56.9545360541672,56.3523956505182,56.5254090550716,55.1323246224497,55.1916033229936,54.8490654789239,54.9412138588252,54.5576628674203
"DOM","Dominican Republic",45.2234882029185,45.2234324231968,45.0071355000291,44.8413803763365,45.1166947827953,45.3042797284544,45.7149972938118,45.5557594004247,44.5910933305181,44.9350510340793,45.3201521296226,45.1468560402636,45.42418704546,45.9912777939166,47.2566789519659,46.974157069914,46.9016235347162,47.5628860389951,47.1980415263665,46.8389622158941,46.8939397870223,47.0577767119603,46.8802088958096,46.6707996871992
"ECU","Ecuador",43.5368938213442,43.2823023891799,43.3862498445609,43.4626777232961,42.8057449687313,42.6037200449098,42.4841811152787,42.3826014962697,42.841807225881,43.5097866641237,43.5316880556912,43.0890850843527,42.8546445551246,42.9835059630887,43.15813166326,43.4248223363671,43.7832583272144,43.9276721627212,43.8735722991753,43.3417441015309,43.3874600377309,44.0123544636369,44.1654246602794,44.3991751412557
"EGY","Egypt",45.0094134121121,44.9441649040939,44.9613687166276,45.1343773912671,45.1163316568634,45.0365361732134,44.8843121840772,44.8641492442976,44.5141233641906,44.5007756140545,44.8106185240579,44.2981369128187,44.6316651242671,45.8686241730309,46.3449406084177,46.4378755020444,45.7817464815677,45.8776545195921,45.2937592475739,44.5060561825872,44.6946667308683,44.7486612285041,44.9177939457314,45.0078802500168
"SLV","El Salvador",43.9387197189151,43.7144920295296,44.058908655813,44.3610693249959,44.7353585637782,45.225302652224,45.1600883357619,45.2779341973836,45.4058294404179,46.1860549389553,45.8031446157607,46.2761801524189,46.1915814000635,46.3291441486804,46.4973754595703,46.7882451689485,46.8077532394101,46.7892940197429,46.4871790717823,45.9694103235674,45.6291179266538,45.2330657971508,44.9970840034345,45.2092645411405
"GNQ","Equatorial Guinea",39.9743636549802,40.0779530351174,39.5689774410526,38.4751894382257,38.3651096612537,39.1407356628852,38.8865559888358,38.6800559343763,40.1422362367635,40.0603398452664,39.9937226515867,40.4276896737746,40.4054551690094,40.2772368761619,40.2748845132023,40.338455529127,40.1868440769628,40.0976942203764,39.878464239983,38.7360319937468,38.5238151460456,38.1661051822305,37.7674679451676,38.1570025524857
"ERI","Eritrea",35.4865057678848,35.182710615511,36.6885383224349,36.3405577181753,35.9156858197415,35.6626869915179,35.5576952291002,35.2230339251804,34.1406249161122,33.8427208654986,33.522255196593,32.804311941203,32.0770450735275,31.9184095886349,31.6124868941147,31.245109469416,31.3124538114646,31.4438999231794,30.57123323501,29.9935888681572,29.6554411049687,29.6270301872849,29.6852016944135,29.5050272784494
"EST","Estonia",60.1726871774246,60.4887039664753,60.6361226939002,60.4648441721369,60.6635858760147,61.4423926755984,61.7737504411213,62.1857507136665,62.3879516385734,62.7504982987132,62.9252614814195,63.7070396468146,63.8979280492365,64.2493330144937,64.0307729005434,64.3173289611957,64.1139190234064,63.4409169097308,63.703340988273,64.1927118950237,63.9865658380159,63.896057928596,63.8932217898525,63.8046450405074
"ETH","Ethiopia",36.4514598500322,36.6925315610389,37.3067445318343,37.9661868806387,37.7963923232814,37.770206406742,37.4188715473163,38.0652394820779,37.2606160754826,37.3514287778685,36.8153928134923,37.2116266795357,38.0056548042478,36.7911885724037,36.6890098250283,36.930445828527,36.9581724518185,37.0191891896768,36.7328646418197,36.1592160028162,36.1508550313094,36.2750803562749,36.0853837307391,36.8292782662224
"FJI","Fiji",50.5363465040454,50.7766558330204,50.6401889672548,50.3841943460303,49.2990901810467,48.6140308307152,48.9458272915311,49.6165565396763,49.7811378620995,49.6137030858647,49.9490742783029,50.7848141792577,50.6372852265946,50.0839798171981,48.9035649461823,48.8557603282444,49.4792900864608,49.2031720005748,48.6158375327839,49.1682428835985,49.2367067808726,49.4969033564276,49.6402391004965,49.8545913210215
"FIN","Finland",73.5025645485559,73.5646877671446,73.8422541979204,74.2407471843105,74.5392536991073,74.6839375602686,74.8505453793334,75.0876416493674,75.2050260744896,75.1935996264987,75.280498381347,75.4841313939867,75.4653680944564,75.6255865987518,75.5060170718009,75.1640596267857,75.3577607689966,75.6025278622432,75.3163428860733,74.7638654376865,73.989185445819,73.9226916303169,73.948803065281,73.7137364989303
"FRA","France",66.3479246001154,66.5163523241809,66.4860387239758,66.4779456149068,66.6072283533603,66.8093382816377,66.8887091757997,66.8540688585899,66.8842993223492,67.174483723282,67.8524035041534,68.1616748528923,68.7908776269086,68.7819873646348,68.8027354002693,69.203237392554,69.1154233443096,68.911507641417,68.454769761715,68.0360474395788,68.0728689604388,67.935619013908,68.1423229452076,67.9887295634764
"GAB","Gabon",44.5183825723084,44.8026122428951,45.2015901263166,45.5869781322721,45.6651784363083,45.9692342636598,46.0503221980518,46.1945629754883,46.0424498848084,45.511106302324,46.1097075356487,45.5268025157871,45.0515601141904,44.5976475940191,44.3922816569569,45.0009410783502,44.905238054556,44.9036185763962,44.4077466598058,43.8962390341411,43.623610972467,43.2564494217849,43.2435970716299,43.0215270891048
"GMB","Gambia",42.8462596394624,42.7556163519737,42.8148397090269,42.3790324965322,41.931394991183,41.9165299461275,41.7739775176497,41.564379424171,41.7601490010381,40.4119551488599,40.3927684581979,40.6717620870467,40.6594248770091,40.2535257686412,40.6321677855122,39.8669687677334,40.0849215370637,39.7263828849778,39.0992892231831,38.2798043313186,38.5385162027319,38.0334273840385,39.0609828069751,39.0581127834637
"GEO","Georgia",45.372317084548,45.4246027789362,45.6182602970922,46.5282171369386,46.8137185778399,47.2593229320191,46.9059151221259,46.1702592598862,47.218902489161,48.433987571462,49.0144809072491,49.9021787384744,52.2800874006905,52.1901466556844,52.6384993170642,54.0060817658369,54.8028403846784,55.7869650648083,56.3787588013637,57.199427771369,57.0370156149903,57.5598602485959,57.8426022119537,58.2276798572923
"DEU","Germany",70.7945931844362,70.8976647672573,70.9543020058665,71.0462478247327,71.3140566297947,71.6721308138362,71.6765189903185,71.8408676358986,71.5690371513105,71.6215422160756,71.9799305311441,72.2604261422115,72.3816109286776,72.0675748795368,71.7430332330934,71.74021135864,71.6455727393312,71.5464514780593,71.5924331601367,71.7325493636227,71.1943501650244,71.1849220363841,71.0237441601597,71.0331951484382
"GHA","Ghana",42.9626453667938,42.965490056609,43.0341914264297,43.0238372607058,43.1156352214678,42.880515951612,42.3378806629244,42.0783697649228,43.0134129075802,42.818798731952,43.075843614707,43.4867761439092,43.8594645694769,44.2418509786799,44.7783575450761,44.6892723674494,45.3184929030623,45.3063408383936,45.6901171671115,44.2211339043937,44.4319133504467,44.311003408665,44.4366319407363,44.3468081477296
"GRC","Greece",56.4375763406723,56.6519422991306,57.1727047761909,57.5914914282059,57.8812845339566,58.3184937352787,58.7067242140017,58.9728013078966,59.0221820647965,59.241979714491,59.4232218298991,59.887536470467,59.531619427274,59.2541997279354,59.1060654409259,59.0144383365911,58.7606126765504,58.1887815987135,58.8748886330991,58.8256577583581,59.0299028930615,58.9265946313418,58.9214028997947,59.0689550597929
"GRD","Grenada",55.1126346966545,55.1942020215181,55.3665277901096,55.4991675983395,55.4188153405606,55.3889163779146,55.3909323377513,55.5650143267701,56.5649718537275,56.1111083063864,56.2923698150685,56.2474191455522,55.786867163882,55.3093197832509,55.2033810346246,55.78740182357,56.491325334073,56.7916819081598,57.0701129571006,56.6489662233808,57.634442178279,58.2413908995852,58.2745645765831,57.7039134092973
"GTM","Guatemala",40.3958583088063,40.3376469837294,40.7167120476066,41.1785230777988,41.3503205416295,41.3872992695084,41.2875420349606,41.2743853723831,41.1215920906786,41.8746664312136,41.552565533515,41.5037379551214,41.7488079978339,41.9149362036748,42.3002728345679,42.8601104440557,43.0873915314624,42.9469386725564,42.9943885432845,43.1382118292654,43.4405915179347,43.5561123422043,43.5796698292543,43.3780870717909
"GIN","Guinea",38.1909405923402,38.3109111913128,38.6378384214073,38.8976823481652,37.9004890995955,36.9305939700959,37.2832730962214,38.4973865305588,38.1911101670598,38.0860744183418,38.0344140057258,36.9218283460363,36.5492570647509,36.6127217194855,36.8140399861757,36.2776501416518,37.6649402175355,37.7756098222874,37.8872736064965,37.959660796654,38.8725937488597,39.0238409230703,38.8271374144971,38.6645744164531
"GNB","Guinea-Bissau",32.6660933541874,31.0141655196366,30.8451164104989,30.2352590390932,31.8389198967731,31.928038658421,33.0181725772076,32.3810531302497,32.5705287287904,32.9515623878585,32.5017175126232,32.6284373643714,32.1907199906049,31.5984340904029,31.7946251879201,31.3112495264643,31.5850161748035,32.1173347509316,31.6156834309769,31.4559181739186,31.534491588248,31.5380475461383,31.7222970143283,31.6488825785169
"GUY","Guyana",44.074198873371,44.1372657748113,44.3736815814411,44.4622486924144,44.0756179191875,43.8142378789563,43.6365402995821,43.5194887172462,43.5730530906819,42.5928832488405,41.8299567459272,41.7189924891619,41.5950909719768,42.1363900760003,41.4352429815833,41.7570816999039,42.1280496449274,42.1189558278858,42.2595823449442,42.153199299896,42.084798482106,42.8464169488497,42.6485669685316,42.8294198276235
"HTI","Haiti",36.3201706838506,36.9672991966339,36.248852838511,36.5337740035007,37.1539848753303,37.3883915229591,36.8457754440864,36.4225346885691,36.551350607704,35.582648604507,35.4805673835623,35.9070578616123,35.5990090471547,35.7019265131012,35.9237568470273,35.7446088884384,35.5557240124605,35.7672626480351,35.7616492034791,34.7180913312588,34.6367567314029,34.4703220401238,34.5086510572609,34.8622124785397
"HND","Honduras",41.6705202330059,41.3956818125468,42.282864328177,42.4121871531332,42.2432075349877,42.7681525231728,42.6560724947193,42.2582507184671,42.3046426380152,42.0544120211798,41.7399096876333,41.4992753592519,42.0795079340645,42.0554681394005,42.7526685216443,42.6476457094311,42.0860286810461,41.4256407219239,41.381553021984,40.6131572209743,40.6621187445032,40.4014358390506,40.4114581406017,40.4518303312258
"HUN","Hungary",58.7647020474557,58.295531923224,58.4194532764821,58.7160173989827,58.8081817080992,59.1533668505359,59.7526513639428,60.0794870506214,59.6122002118594,59.8212428097844,60.0328614237276,60.4677074399323,60.1231479213125,60.0685072320971,60.3542580285586,59.805889943835,60.2254561979688,59.9684602996368,59.4963889673352,58.1708180803534,57.9651854775542,57.6777775648488,57.569102026982,57.2087898808593
"ISL","Iceland",66.0182912003349,65.9039366531883,66.7957592178345,68.5797715727964,68.793526417711,70.558397612019,70.5982256613478,72.0585437213502,72.3051820016974,72.7502610269295,72.082349868485,72.0574397589422,73.2398479320048,72.4316243137986,72.3530901287642,71.5253621148857,71.6023810320251,70.7064660666572,70.4061443917642,71.6091975181611,70.5470797193064,70.0094962471195,70.1004218438137,71.1372923594147
"IND","India",36.8176321787755,37.0029093582876,37.0618560950326,37.1876920617727,37.4186831580024,37.7336844654693,37.2896816421999,37.2409085839789,37.2666096666055,37.4386773789137,38.0709932180033,38.2639523975019,38.1659536415435,38.3620349794177,38.3634373286508,38.6005715425131,38.6532594538084,38.8856271924333,39.0683798467213,39.5811414868217,39.4985125344809,40.5531181988005,41.4262308001802,41.888057913878
"IDN","Indonesia",42.0995403430888,42.0663881777531,41.8979903133578,41.1288616111826,41.3280865888078,41.4673482638684,41.6913904235438,41.5974219664362,41.1993665122602,41.3776229717512,41.8376346930296,42.4122260054223,43.0025444628676,43.4302712408798,43.5546258251586,43.6051666380228,44.0331698554102,44.5049637996038,44.7643260598556,45.1777720015865,45.0160095300205,45.4595447749725,46.4723250235388,47.0687136926961
"IRN","Iran, Islamic Republic of",45.6912328790291,45.7135410028827,45.6824951883963,45.7326824146195,45.6843436260039,45.9422310097521,46.3954096620012,46.9275459489535,47.5053914071091,47.9840022852172,48.4027964403733,48.6170671559807,49.5947112609125,50.5085434071007,48.7496491497483,49.049062543785,49.7003626754048,49.4582846200975,49.4098252123243,50.1995975815728,50.7195239039981,51.5709785457454,51.5320933532913,49.7789970324985
"IRQ","Iraq",41.7464368028281,41.7134682364722,42.2327373151094,42.944983576709,42.8767169399689,42.8707248052836,42.9603567193469,43.0451704384671,43.0233905930056,41.7552809559004,42.2963149166662,41.0991887812927,41.1531992298454,41.5303380680305,41.8185519525186,41.9835681279395,42.2180373488658,41.8813899907129,41.8050875077221,41.3154775992118,41.3963395852099,40.8059448896965,41.7896148408252,41.5010924208889
"IRL","Ireland",63.0270382196805,63.2406609886751,63.5798589268366,64.0228910070125,64.3564627006577,64.630465970915,64.7132605567562,64.8351900364552,64.7649266940226,64.6889137458494,65.242006291677,65.9048160382878,66.2447384033255,65.9381753965608,65.5512654742637,65.4411905249129,65.1836013424478,64.4870347276793,65.035773898977,65.4132537497959,65.9245105948641,65.556822557903,65.2833831773247,65.2488306151514
"ISR","Israel",62.362194789845,62.5332145481285,62.494845551964,62.4692717767404,62.5748037714761,62.7043103826784,62.2203432608866,62.085797399448,62.1255399903625,62.3237492974541,62.2541094852552,61.9694139082847,62.5192661595756,62.4971061004443,61.6116226134663,61.9592021200643,61.9291251478087,61.5913236138627,61.169291620645,60.8303388725496,61.1327895145673,61.4282878996575,61.2141847703721,61.0624079622661
"ITA","Italy",60.4818319753697,60.4785105527044,60.5106304310952,60.5131305909483,60.7668354056794,61.6097485375169,61.7001126390992,61.7513091023644,61.7070173534885,61.6962516439605,62.0726670200476,62.07051783172,61.8538653452965,61.2925390575972,61.0026836250479,60.7681285125643,60.6405383155441,60.0904588236034,59.7753857424103,59.5677031264595,59.7964395183603,59.8794245416046,59.7192648735391,60.3186422746207
"JAM","Jamaica",46.48717800531,46.7688760021891,47.0595372373461,46.9712326811207,46.8859243540849,46.2673187146591,45.1996206554333,46.8376010113024,46.8323099890594,47.0226566153799,46.9401907781927,47.1226175345249,47.0424586019743,47.0295749236905,46.8828332057982,46.9399484537387,47.5618525985238,47.5278144379185,47.8750404897036,47.4510026681726,47.0015210870744,47.8058604912283,48.1341025325534,48.5447028294985
"JPN","Japan",65.4765388785357,65.6081132004775,65.7236038121017,65.7375916915887,66.0506093898095,66.4240134764959,66.3015122645315,66.1822972977991,66.9379829699152,67.3586266307919,67.5802155218313,67.9374450936143,67.6925548126443,67.6832216418951,67.8495748194465,67.9605106950705,68.045038469078,68.150679193788,68.4288885499935,68.5896880595558,68.2781086245618,68.1284967444918,68.366846725263,68.178822449405
"JOR","Jordan",51.0426314510168,51.1008852194684,51.5069786252795,51.8913575675868,51.8482479669849,51.8409630999302,51.4370144014714,51.0606819203687,52.2183800456246,52.4646032527703,53.042295967915,52.6439572447395,53.2096649649637,53.3918612352878,52.7791366802753,52.5159187044493,52.5765646223848,52.6791628884204,52.2952091718387,52.0621435243469,52.1828579485232,51.8707844555914,51.8198317254926,51.7549110824734
"KAZ","Kazakhstan",49.2497814659633,49.362924370331,50.1365541001388,50.7567100537962,50.7672910466109,51.0908905835549,52.1140047291123,52.4024293601512,53.2717151741753,53.3186975413113,53.9593053427827,53.7182284997941,54.0700129932993,54.093922788548,55.1316762644212,55.2818705880754,55.1486612035053,55.731751872326,55.8995475241391,56.1861036843808,56.0300177429505,56.0035759300035,56.9370439398213,56.7405488049968
"KEN","Kenya",39.0759497704321,38.8744560863863,38.6145932417299,38.7608894204386,38.743608651996,39.0514213688347,38.8864606357189,38.995565614592,39.3457976329272,39.2803275182686,38.8122462168435,38.7112663785897,37.9364044283487,37.7698875407508,37.5371168006752,37.1838704743609,36.61661565927,36.0328446153598,36.2991791940981,35.9235401470621,36.0186192279189,36.7277101229651,37.2244220919364,37.5035310225124
"KIR","Kiribati",,,,,,,,,,,,,,,,,,,,,,,,
"PRK","Korea, Democratic People's Repub",,,,,,,,,,,,,,,,,,,,,,,,
"KOR","Korea, Republic of",62.615946321895,62.8772177423696,63.6077431995851,63.4923665239954,64.3617336908954,65.1711242232892,65.852914644184,66.2000835639064,66.327945217923,66.7704422034524,67.3548054272349,67.2781359218066,68.0919848142139,67.8868245989173,68.0836837608009,68.6212355720865,68.7172303369608,68.5740038383493,68.8440333305746,68.701342622503,68.4628103602939,68.6830681461883,68.8667128912329,69.100613456974
"KWT","Kuwait",50.2415761873643,50.43650642483,50.5216422411618,50.5622838128098,50.6277427430771,50.8191266942803,51.0093699739704,51.2084551147293,51.4947699158358,51.5974498360567,51.2464876683921,50.9935664891774,51.2814882697619,51.1629159457829,51.0916133485476,51.555487657761,51.0430494991918,50.695485308035,50.8745738755227,50.2550776251222,49.5083097243009,49.8496610458231,49.7756305538105,50.301318208115
"KGZ","Kyrgyzstan",47.0320708410925,46.8122829172074,46.6983380314161,47.7427260503585,47.2154127252562,47.7972806789506,48.135091270586,48.3684544690566,48.0169912906857,46.9735885951194,46.3865240954388,46.1263088641391,47.4752082348487,47.3990423858445,47.9930408571344,48.7798520340305,49.6980487345376,49.1952742957304,49.6009888028114,49.634227390329,49.2906116839748,49.6863658612353,49.8355573341057,49.9189000424641
"LAO","Lao People's Democratic Republic",38.3276889684041,37.4869317689236,36.7912142353749,37.554786360354,36.6662550574655,35.8412411534974,37.2073937120655,37.3690262074142,36.6511872320575,37.0540853315176,37.1327745251405,37.1551408320895,37.7475573295922,37.5413021534163,37.8482578997271,37.6289163927759,38.3036975025489,38.9690881776764,39.0996441738302,38.3309157960412,38.2816486238447,37.995484014423,38.4133653102375,38.8855144630322
"LVA","Latvia",55.4281226752885,55.3597718721833,55.372725275978,56.0191946293604,55.424520230437,55.6407966831662,56.4793452560104,57.5140777656103,57.8779208114301,58.0478145323134,58.5288691648246,58.6189377812697,59.150170180864,59.5564999002823,59.7666202086637,58.9166132228813,58.8722630402366,59.9890890817154,60.4330611076218,59.8031015954777,60.0990773158719,60.2683986018405,60.5119427547844,59.9719937254316
"LBN","Lebanon",45.6821189637884,45.6686251505277,45.9295112743844,46.0753878495417,46.3605065688932,46.5089230436906,46.5210839488047,46.4920849071646,46.4232301540144,46.4310873654698,46.0095091892028,44.4825062544222,44.1664366665288,44.5549381724933,45.6777568803797,46.0401891910405,46.2314133284188,46.0574671205917,46.064291485856,45.3363182836922,45.2235860803084,44.8447152735041,44.0435513399493,43.965080302049
"LSO","Lesotho",43.8796731156021,44.0690870951014,44.104679888518,44.0757077710465,44.2043074991682,44.4150113477901,43.9002030607503,44.023891859341,43.6725328819584,43.8557241151864,43.3421032146048,42.9949520554365,42.5442322246025,42.2951699265997,41.9542088927197,42.7179660103653,42.281038108997,41.9082828670267,42.9007816881142,42.4178833811685,42.1207738294623,41.837893883818,41.7901518264246,41.3926921987218
"LBR","Liberia",31.4323434381254,31.45568233805,31.5230156840749,31.5872907525143,31.1905976539494,32.3041533517877,32.1341648185006,32.2008349662272,31.4698980124681,32.2003973062274,32.0906626361964,33.4443725020044,33.5283166349558,32.6346707719926,33.6859108081583,34.4445837286488,34.4844669680916,34.8385527573213,34.9878305586739,34.5785804881309,34.5639156659721,33.6738324252871,33.7057530195238,33.498389362559
"LBY","Libyan Arab Jamahiriya",42.8582351520844,42.9043532217551,42.9169753461151,42.8852460748284,43.2981371572027,43.5412772937565,43.8373469503278,44.1659117171916,44.7746208510851,45.1099330972845,45.1670107118782,44.974673574462,45.6708295320107,46.0893578725465,45.7448284032048,44.8965910758511,43.0005362722177,43.0772417374293,42.3643430579488,40.7218448225911,40.3077105220892,39.620931937644,39.573744045015,39.4401743563123
"LIE","Liechtenstein",,,,,,,,,,,,,,,,,,,,,,,,
"LTU","Lithuania",56.3568190095441,56.4836710813536,56.7384953832033,57.0032730615066,56.8274917626041,56.8196368360591,57.4691247358184,58.3267237270685,58.7449243267618,59.140031447761,59.5000938618361,59.9185348788275,60.1021941282411,60.441499866807,60.4227667750706,60.582101239562,60.3597739050661,60.7185956207992,60.837565060309,61.2073889970932,60.9415624930519,61.1741947437728,60.8394524796103,61.0010712290417
"LUX","Luxembourg",64.6705902650427,65.8451062544042,65.5879755768115,65.4512131571454,64.7369314472256,68.8047110707819,67.0077248559262,66.537999567658,64.7047148466932,65.3645863143945,65.344497835582,65.7983961294443,65.6333758080525,67.3684434611448,67.9340531994306,69.2345226820352,69.5728863469512,70.3893697758334,70.4541987114332,70.3060252860681,70.8088514127039,70.7236100275197,70.3181364934908,70.3070673207603
"MKD","Macedonia",52.7134725685423,52.8110233406358,52.6063767644573,52.8649525121268,52.9446306456946,52.7713205281738,52.6707130287118,52.302955509154,52.8873777200255,53.8404523618725,53.2836550034724,53.3034038930474,53.9644732801005,54.3714941036142,55.0715838615957,55.7918023768409,55.8261536993232,56.8796555304528,57.1655273729069,58.397860688868,58.0037995697777,57.7195427779096,57.7661690051986,57.3573119305665
"MDG","Madagascar",38.1877639674771,38.3713211934981,38.1741993392147,37.8095165371636,37.8203071302944,38.0809035684579,37.4641808255506,37.5065406246656,38.8457079495684,38.3220592637423,37.9423697772057,37.5633264714419,38.0331937057519,37.7763932293489,36.9727325884062,36.9214261316832,36.0634994352097,36.4967713132381,36.0221989982953,35.0487618351088,35.1649900528988,35.1269586774305,35.0302594099897,35.2888024579714
"MWI","Malawi",37.523062814609,37.6473954946628,37.5600702860996,37.7891458269939,37.874695642602,38.2520808862844,37.8248018132123,37.4255605293658,38.2570083884544,38.5081055890313,38.5871016297947,38.282510604583,38.0982767956507,37.7388974921419,37.776686147464,37.6803938555571,37.8332646184631,37.7042335623763,36.9932256502955,35.8430964554629,35.7416114038489,35.4964302332593,35.4873742054831,35.2493966165959
"MYS","Malaysia",54.3376033312823,54.5272828081658,54.1919614156352,54.1418200295102,54.3185942760269,54.6106806054684,55.0745860870895,55.6200889080557,56.1325167795669,56.2888012561221,56.1922916169093,55.561092471923,54.9411788864489,54.6713964119789,55.3102561534669,55.9073965127093,55.7947619424941,57.3709773852759,57.7907091243121,58.4177736480934,58.5802956710488,58.0551295436896,57.1995297673041,57.60888674893
"MDV","Maldives",41.1269733799395,41.1682572680098,41.2006117454169,40.99989316302,41.8883146297337,42.7613195874816,43.5519089410487,44.0630821381127,44.8548670188316,44.3013598631625,45.2665481210513,45.5052052337779,44.7247715031702,44.2738460257474,44.6074664634623,44.4901599153731,44.3584894530693,44.2932084432984,43.5249400875491,43.7567759745765,43.7756228583969,43.6196258318054,43.5045066159048,43.6589262573113
"MLI","Mali",35.6519510749885,35.6319537262857,35.8545573160198,35.784367818143,35.8092900146833,36.0590166758392,35.8605563331558,36.1914293787662,36.6379829059225,36.9510871490006,36.8018041222373,36.2161386584816,36.6374121166007,36.7374403852681,36.4159853636301,36.9296944746916,36.7042494167236,35.1531027786949,35.1320435357024,34.4997054551708,34.5758452551512,34.6489314044515,34.5686266928613,34.3827380532278
"MLT","Malta",55.8161298394638,55.5162503726313,56.8292006611897,56.2383273771377,56.7189670150409,57.9508646556859,58.474490796719,58.3211814541561,58.6833233596129,58.0633516528576,58.3671781370591,58.4658096755323,58.7935052562962,59.1623689090478,59.0616463393967,59.7526602966812,59.6097090948511,60.2929730690614,60.0554358325555,59.0211403548769,59.3431995713147,58.3465109034216,58.6666592038195,58.7004916563968
"MHL","Marshall Islands",,,,,,,,,,,,,,,,,,,,,,,,
"MRT","Mauritania",40.8474321160615,41.1055678546177,41.0463903533198,40.9521402187009,40.7595311950868,40.6941684071046,40.8534503508148,41.6267575262523,40.6284625295075,40.5179586366681,39.8913933310674,39.9886733833332,39.7701630349268,38.458200747837,39.097669860972,38.7399209071001,39.0545970652326,39.6660776877385,39.2682630151615,38.8745715568889,38.6962354721456,39.3251907021777,39.8827304046612,40.2214902567997
"MUS","Mauritius",51.3676075338806,51.4326188607137,51.8709459693267,52.3525317406754,52.422503777476,52.5331759047819,52.9908633571897,53.1256270280022,53.2208638194338,53.1012087560068,53.4912219248705,53.0784755395078,53.0199331637343,53.8279467103222,53.9787218646978,54.4232117940798,55.008752323911,55.2083719024445,55.2404653951724,54.6956653260636,54.8906497929062,54.9108960177086,54.85608470385,56.3075230791097
"MEX","Mexico",45.8758043528488,45.9027932330594,46.2519883106865,46.6392942874458,46.9156314937826,47.3223157396389,47.730860991661,48.1599926654757,48.2011972239412,48.2523279062227,47.792465255381,48.1767736379725,48.12773242685,48.0151223441385,48.2420068641146,48.4417605608547,48.5289831780294,48.8852155747651,48.8293531041552,48.6605411930385,48.6122559758952,48.8672501523858,48.9126079268369,48.917466573938
"FSM","Micronesia, Federated States of",36.6592060466896,36.6879930866537,36.5539191259588,36.4497569636459,36.3245945868008,36.2151229062753,36.3177048495112,36.4038522669613,36.5244257321794,38.0373889636941,38.2395158020715,37.9169828497722,37.5972696483549,37.1632850151873,36.9387542040474,36.5300335914455,36.4415504788436,36.5992111040844,36.528806561082,36.1228906847913,36.4002346132049,36.5859495422198,36.7885599190319,36.7794747055817
"MDA","Moldova, Republic of",48.5729007982553,48.4831978870189,48.6303552451216,48.667952825775,48.0657757267353,46.4501567379293,46.8525887008387,47.4323956827806,48.5123081944743,48.8574221888887,49.6326941287227,49.4334406636991,49.9998039350848,49.6759685912182,48.3687315712464,49.4915058118081,50.3959272063898,50.3415370227782,50.0044352055859,49.6309244074409,49.1550256450383,49.0966451727452,49.5204050791306,49.6169818107301
"MCO","Monaco",,,,,,,,,,,,,,,,,,,,,,,,
"MNG","Mongolia",47.9885624894481,48.2345296907878,48.7410350153398,48.0643120995785,47.6246358429056,47.0217430522626,47.832510306989,49.2589987927738,49.9079315364912,49.5269084768807,49.4701911808205,49.4666701027022,49.3744382135628,49.0385278679098,49.792837608081,50.779270643824,50.7948429751637,51.1438815490353,51.7995464117611,52.0384051446452,51.7291564595204,51.8277630171542,52.1295672620487,51.9839555969521
"MNE","Montenegro",51.6899693158718,51.6887624272265,51.6897798672332,51.6925859367611,51.8200420584528,51.9463053487157,51.9252837089199,51.8881284562092,51.2964410768798,51.2301289788726,51.4705365235046,51.3993521142085,51.7541368756853,52.6943779334013,53.1753378968614,53.7616330062846,53.7030674651562,54.7252014955578,54.4054624809495,54.4445287389078,54.6149620025438,54.4090338680464,54.4480859541404,55.048592401761
"MAR","Morocco",48.6714141434331,48.7348295475651,49.1485447009594,49.4087308589286,49.1690001698943,48.8785527806984,48.7375448232542,48.6014358917783,48.4619356312333,49.0498464604429,49.2790251688117,49.6106146094043,49.4404670152167,49.7128195197305,50.3237604316077,50.6496011857554,50.2472916897333,50.6469395451589,50.7198352300889,51.0569382830781,51.4731744214948,52.0008878752035,52.085056017204,52.3096084706274
"MOZ","Mozambique",38.5384011694978,38.5430266397215,38.6382942427839,39.169138631817,39.2877804583615,39.4973051918822,39.726784694856,39.6908303807235,39.392450156161,39.4183718290964,39.439832324348,39.6352220952585,39.1620970227756,39.1179948180478,39.0151073437245,39.2662859712772,39.457452989731,38.8701557721857,38.0706981838702,37.9966315079303,38.0452008292952,37.1866193574323,36.9285190480846,37.3983027437019
"MMR","Myanmar",31.2914254745441,31.3607156355986,31.3682325227404,31.3453247459696,31.3559494242608,31.4407363160995,31.6743534823799,31.7321270548652,31.8757586236316,31.7108127208189,32.2808811285437,32.164091809664,32.042369126967,32.1438382880395,31.955089136987,32.0431096508601,32.7172686530346,33.6894193158864,33.9212658449139,33.5438251405496,34.2513445901857,35.8068691493472,36.2045354162092,36.066078907001
"NAM","Namibia",47.042940973961,47.1913908032947,47.0381297172694,46.8802918546813,46.6216985278649,46.3448880969562,46.5030744400119,46.6858059511229,46.820635591012,46.1753550268803,45.7505655154977,45.5639552589631,45.6906207690299,46.0764547518455,45.7472496054096,45.2911663051819,45.7861893458425,46.2310839668193,45.8561835769273,45.175353471517,45.1955928416113,45.3414259981058,45.2039683430826,45.4473200021642
"NRU","Nauru",,,,,,,,,,,,,,,,,,,,,,,,
"NPL","Nepal",40.9525576335732,40.574197569876,40.3839222652713,39.491681704713,39.2526169502062,39.2935246910789,39.2165184166777,39.0235987734332,39.5125717930953,38.5287942744155,39.1201976385668,39.5051387455471,39.2610917368255,39.1101839191342,39.4322088794174,40.099322745734,39.9237513519974,40.2835136947291,40.5575248260948,40.7738091283641,40.8940558750773,40.6939170300444,40.8413211128397,40.9499990463032
"NLD","Netherlands",66.8642331929862,67.1854565847116,67.4420425362211,67.7568027424081,68.3275488069794,68.5484489195108,67.7327200700886,67.4996420116283,67.3974881679049,67.337591903405,67.5235161286528,67.6778838696728,67.8956344680784,68.452071249119,68.3987543236881,68.316496995775,68.8502933857105,68.4676994379507,68.4910428761121,68.5609732035208,68.1458332731225,68.2739261095334,68.2969509957906,68.1214542519314
"NZL","New Zealand",70.8196851682673,70.9301678178946,71.1612860119847,71.5532371023365,71.7413573361709,71.801648514961,72.1165087389915,72.4364939709811,72.8632208193884,73.3411872256568,73.0635759806523,73.5705998538268,73.878077519006,73.9476428118056,74.185336181434,74.2625534570231,74.5582370693715,74.4750738200948,74.3838780838846,74.5301863578515,74.6377360817104,74.740692608585,74.8330328678104,74.5747263823306
"NIC","Nicaragua",40.9526869391856,41.2881831780368,41.6412629390952,41.7808279790894,41.9605736367479,42.2476230619613,42.6220388666142,43.210380585728,43.2412334879449,43.3998465638627,43.5250436727415,43.3069342318205,43.0885425609475,42.6375718873104,42.2004926545719,42.1903683171681,42.2436467359528,42.8238124732415,43.2029990681327,42.5259931635941,42.8810654298865,43.0093247367146,43.0472776670083,41.755156693487
"NER","Niger",29.8387918239598,29.6690737001361,29.6248418458758,29.5334219210783,29.7633340787417,29.7504243704291,30.0727217811966,30.3302514053563,30.9136790102325,30.7038976864608,29.9427103292065,30.4945991721087,31.2142669506805,31.5734048241701,31.6905795288764,31.6214724092132,32.3640531268804,31.2842686479415,31.2691410827004,30.5374605413694,30.9987717055,31.1914041935137,31.4643384846184,32.5281889497239
"NGA","Nigeria",33.9821762131882,34.050760470992,34.3222523566234,33.9430636178939,33.6282975478976,33.5790002792682,33.7468823191736,33.3913014659798,33.946829995926,33.8972499192911,34.8309360056329,34.7712310424822,34.8230220149619,35.366159990153,35.1305709440011,35.0623494754283,35.0455407218511,34.9138839466339,34.9308018719829,35.4612120756744,36.0254115953955,35.9002376056904,35.9043208393973,36.0523393794618
"NOR","Norway",74.7367159667144,75.0425125540446,75.336179872117,75.4837208492895,75.7206919190122,75.8322867369615,76.0372825468035,76.3013433511695,76.2635627599699,76.3461848109429,76.6386164282731,76.8633345584771,76.7507647488948,76.6358660714584,77.2519545089196,76.7670212141045,76.7089238908696,76.4621174833049,77.3573852029045,77.0699660184817,77.0773722548853,77.172337171606,77.2323215039335,76.708927567016
"OMN","Oman",50.3958136894093,50.5785822600555,50.729476065827,50.8955814379277,51.065047289395,51.4063439111232,51.7955753460492,52.2223398062993,52.5175486719713,52.64925504922,52.2721403679419,52.3986834425315,52.6375757766716,52.9259584856373,53.0594284638169,53.1774887058488,53.0849238185757,53.5847722419414,53.8165490927404,54.2743883384925,54.3391077886973,54.4721050386255,54.3096507037385,54.2055505917358
"PAK","Pakistan",36.9196508319032,37.0295584340433,36.9011946843052,36.8723801409225,37.0269789266916,37.1240937510779,36.9894567769226,36.8876308792719,36.9536976089984,36.7075193674867,36.860558892955,37.2916424195834,37.1333728201484,36.7135332808838,36.7735308661598,36.7159305917647,36.6551019043635,37.2399592965057,37.3505341251854,37.6643513660246,37.6213017396404,37.4257257830168,37.55447110219,37.5419891351499
"PLW","Palau",,,,,,,,,,,,,,,,,,,,,,,,
"PAN","Panama",49.7983559834412,50.0768129249465,50.4637593565986,50.7853148040949,50.777295678192,50.6478576495899,50.7995669435612,50.9946424925551,50.7916734205146,50.9478006166513,50.5832359339752,50.5929486327405,50.639797288458,50.9314253853569,51.0122112118757,50.6649587264001,51.0504538782863,50.6090648761802,50.5824634400367,50.8590639377832,51.0333876349276,51.3822028911516,51.1668734371784,51.3191748975384
"PNG","Papua New Guinea",41.5982657540493,41.5372241049579,39.8726641359159,40.6285114803828,40.2690422651807,40.1954420714994,40.6125237642322,40.1265726774902,39.850818615875,39.7107146793242,38.9197625442551,39.2813088229663,38.9243630102421,38.8651145815872,38.5843390586568,38.2117579591889,38.717262812004,38.1822882985739,38.3641552291543,38.2686243345739,37.8820138166071,38.0228456964214,37.8738104822649,37.9320743835276
"PRY","Paraguay",43.9200504059781,44.0137741062083,43.8457728348194,43.6022229909092,43.518666053449,43.6855024753193,43.8499148077114,44.1550716437577,44.6754064295469,45.1156783680047,45.1388437225151,45.2724130046232,45.4300872738567,46.5125713280844,46.4769091514854,46.2929606011041,46.6785298261628,46.6087772073729,46.5843287832663,46.8118957197884,47.1428033469134,47.3444053424569,47.3748983936964,47.4251669767381
"PER","Peru",46.5065033662611,46.4505899844968,46.8229498863096,45.8057205725027,45.7920667584145,45.7500684541607,45.7808112324802,45.8838479339468,46.2430551419341,46.6148309598725,46.4386688949306,46.7050866459839,46.5456302630869,46.7770956100281,46.4101646779339,47.4068678971846,48.4508922971186,48.4277535238975,48.513558454673,48.2073185585386,48.3827598842971,48.9854175100282,48.7086363525135,48.8025514302751
"PHL","Philippines",44.0518942007294,44.078564958504,44.3165713764923,44.48871827508,43.7778406361085,43.1629415870044,43.3888856051105,43.7151088602082,43.1743272542777,42.9958222403254,43.5441694081734,42.7369794502141,42.6351614661263,42.1186050289466,42.3895146070962,42.2854897346763,42.9858240106534,43.6308271406597,43.9102266757598,43.9668052790784,43.5116417809028,43.2706773584273,43.6343177790504,43.5814428140285
"POL","Poland",57.2519456098769,57.3611930938213,57.6642683774689,57.7954334862446,57.6600489508373,57.6889736474158,57.8337330034267,58.2213406311129,57.986421073515,57.6414266227028,58.0889118408379,57.9683828059452,58.3756115501557,58.9953402677283,59.3163675911215,60.1385088895008,61.0308056869364,61.4423436591709,61.9679480944306,62.3677440978104,62.7978550014662,62.5645118752485,62.4641144510351,62.4186475722521
"PRT","Portugal",57.613065326991,57.8206403090114,57.962769002282,58.2947968286656,58.3669562948581,58.5231804716385,58.9829959863017,59.456599049201,59.442439818134,59.399795723005,59.5292009895518,59.0667325458143,59.9241604026332,60.7579408921755,60.8946870446218,61.0501448048137,61.5946770036223,62.4950605002327,62.5970398039871,62.7744590088273,63.2040429678221,62.7321115164572,63.002567764737,62.973957733053
"QAT","Qatar",52.1168263926472,52.2667574612045,52.9564620994377,53.5962390832137,53.6766160126507,53.8514811213217,53.9779615184808,54.1187387329009,54.3871429830169,54.4403103916292,54.9082143497521,55.3749765127705,55.1963058704862,55.9534070660099,56.8153860754755,56.6938347677464,55.9325062870755,56.4187224946663,56.6540460524662,55.6798440448913,55.7519367463893,56.2660687863824,56.0006850258853,56.0978218455355
"ROU","Romania",49.0227747185686,49.3264677955771,49.284567687254,48.797608824421,48.6073493634877,48.6739304001099,49.1312916759621,49.8873796819513,49.5500386223451,50.0203329142325,50.5211043541578,50.9061781570093,52.2791164762077,52.9570368887312,53.1895158557584,53.2821249934471,52.6229825925987,51.2472121420359,51.3429123607652,51.0046857628539,51.7583741028188,51.7540625016466,51.8861299344178,52.1313260853184
"RUS","Russian Federation",51.7231420058765,51.8097863816141,51.7117961701264,52.0704536820858,52.7370575976752,53.095503003108,54.1134216459094,55.0488550856164,55.4035931900826,55.1685946225206,55.8647900581665,56.4399435246357,56.6342625552622,57.2252344447416,56.3683299106416,57.149696155409,57.1382437891008,57.6704220846549,57.9372508759873,57.3322207127262,58.5976143472889,58.8573181307058,58.9109995078894,59.4100133465484
"RWA","Rwanda",36.2512622949319,35.8999202097942,35.3385317352051,34.5365188603578,34.8593527405459,35.0849671644237,35.5473959433351,36.1687086253134,36.8466559519805,36.8940958425362,36.5401349512978,37.4055395052848,37.7407108963211,38.4030089449075,39.383518694141,40.8216170993121,41.3297032460344,41.3492151125378,41.4518091713293,42.2204999611938,42.484507719914,42.5691135871108,42.8759293016809,43.1152085230194
"KNA","Saint Kitts and Nevis",51.1068787796983,51.2568116898021,51.1836037057951,51.1138472912944,51.400897266138,51.5752924817555,51.9018441587099,52.3977297448253,52.740697469366,53.3445009354218,55.4416731587757,55.4449916840357,54.6499816555677,54.4156744635297,55.1561374040767,56.0481122553756,56.2072209784835,56.0893939985751,56.3405166628595,55.1274992465839,56.0591484105124,55.681699067308,55.4799029707973,55.3012452786288
"LCA","Saint Lucia",54.4155048469302,54.4961883073227,54.1561242971492,53.7573256117568,54.4996767266976,55.202954913534,54.6859187595595,54.4867807034397,55.4449293872035,55.4404673033445,57.1359139704054,56.934887272226,56.2452298039182,56.5342976919788,56.6849032093951,56.2683450850156,56.5247483306321,54.9339184190029,55.3584637261558,54.3948852389764,54.6941544408384,54.8249624358711,54.4115348390526,54.0031200179645
"VCT","Saint Vincent and the Grenadines",,,,,,,,,,,,,,,,,,,,,,,,
"WSM","Samoa",47.2589148635162,47.2641115713767,47.2225540635033,46.7419750598538,47.227465584177,47.1352128083816,47.2396981152423,47.0029700569377,47.4185344270413,47.0698084170388,47.3087059496624,46.8850847808784,46.8012020705259,46.6768935012096,46.273064853208,46.5913412665822,47.072740084997,47.7464965230352,47.0321989243202,46.8055973878634,46.7926201444408,46.795108730194,47.1644254073182,46.9727174693608
"SMR","San Marino",,,,,,,,,,,,,,,,,,,,,,,,
"STP","Sao Tome and Principe",39.7215379305849,39.7780724480841,39.2689851211883,38.9510339950432,39.3512314390609,39.31278787368,38.7901339447434,38.2895895639576,38.0108586588936,38.105552427206,37.7350251798857,37.7121502634949,37.4415822735366,37.3430661032266,37.1523951275549,37.8180595823888,37.7206562414874,39.3043466445052,39.1644040123132,38.9570422982075,39.1639222903808,38.9182651608184,39.1708795222026,39.4401330249291
"SAU","Saudi Arabia",49.2853215460881,49.3765648192105,49.5558905260978,49.6770560491862,49.9232623602212,50.0716220667175,50.4610848947328,50.7758603996338,51.0313568832718,50.4329723888348,51.0569537556371,50.5770121272693,50.9397666362928,52.2550665091626,52.4173086647254,52.9979004510306,52.8200967799078,53.3755278592557,54.0986175817359,54.0287457128782,54.1555633949679,55.3630253663493,55.1394747827409,55.4146716251497
"SEN","Senegal",38.5719007256184,38.4274710727702,38.4421300488969,38.2524544310981,38.3050562807945,38.6702120533285,39.0115453439018,39.2992245712592,39.0461321623842,39.2444836297737,39.0758412850806,38.1657543827778,38.3653342155879,37.9794927675221,39.7705687006369,39.2953841987947,39.4148715694536,39.655057789381,39.318162188673,39.1361788456591,39.5477722573164,40.2659878042855,40.3633395297351,40.9410638065086
"SRB","Serbia",46.3267903013687,46.2319354687346,45.75089625645,45.3546686819298,45.6125463187271,45.7501646997145,46.4049568838478,47.2009850973629,47.5665367219142,47.924662689813,47.0967946932056,48.8763197346985,49.291653997525,49.3712556387821,49.3429245063626,49.6426897018472,49.7818046919814,49.613398366317,50.228740303825,50.3124591121337,49.9836151410187,50.1298813052013,51.647676694095,51.776657260039
"SYC","Seychelles",48.558302255299,48.9304057960038,48.5632318402153,48.0801758003596,48.2123355096552,48.6265748184797,48.2264391491098,47.9375252643606,48.3375934735905,47.6310276912013,48.4432681947253,47.8780792490349,47.7074392786687,47.9437432617915,47.3096486304386,47.5508861088527,47.7416310925557,47.6220707010057,47.9613184975379,47.280096686439,48.2326744245784,48.2587972565286,48.8202074070854,48.6811861019453
"SLE","Sierra Leone",34.1145462306314,34.1052809077408,33.8409656132314,33.9073301423585,33.8365615269849,33.7068238073586,34.5399772511165,35.1141708496467,35.1480264529585,35.5701619787522,35.1975540529081,34.7903866301579,35.1531870266837,34.7228002005396,35.0191323272904,35.9701447823925,36.1155731954569,37.3518027554891,36.5741251026081,36.9358744285363,37.1267648304959,37.3010693265711,37.7499825930546,37.6399518269516
"SGP","Singapore",64.1780574814184,64.8092303310457,65.3673450754287,65.5830299191905,66.2741864952181,67.5945741842972,67.7337622343704,68.5231823788544,68.4571632347057,68.9631658661254,68.4352398782509,68.8247690429079,69.3328989137121,69.6321172077907,68.7536603004494,69.4351467817159,70.0898633335196,70.3494388152183,70.802117018594,71.1142874211043,71.0452444933385,71.1239307251385,71.411732573574,71.4217119927348
"SVK","Slovakia",55.8157835352131,55.6455672700341,55.8907134462987,56.0423555760784,56.1623937355781,56.5430250448301,56.9305431043637,57.6606457740209,58.0540057609161,58.4124262172858,58.8157893753319,59.5806547923146,59.9687440524497,59.7722649081232,59.8101441483743,59.5754465345153,59.5839155213349,59.062430746085,59.0400180210303,58.4494330238285,57.9204259130058,58.2318250239079,58.0915723373666,58.409232247547
"SVN","Slovenia",61.8982141266987,61.7721625995282,61.8365563548568,62.8086636387823,62.3458690819019,62.5252328512892,62.9210607959869,63.2667125472391,63.3590077864011,63.9860603118913,64.6797306965646,64.1869909200566,64.4163985344522,63.9621930578087,65.0743732377936,65.8296869824896,66.3265516494692,66.306566738172,65.8656382299451,65.5065580399406,65.0644750018797,65.2373437193333,64.7924398157985,64.5927779152927
"SLB","Solomon Islands",46.1388169266443,46.641539279902,46.5421665403922,46.358944293385,44.3144636110671,41.3032888966376,39.500813111219,39.113425714538,39.3828967738487,40.7181124329881,41.6815058362997,40.5643920543418,39.679484939629,39.8298944432718,39.6769814383319,40.0325310531486,40.5227377466911,40.1331148760848,40.6535386261564,39.9242559672283,41.2771008132578,41.257471577279,41.8279876995691,41.6192025275885
"SOM","Somalia",28.1972152352923,28.1768351780923,28.1812357556404,28.1886065973798,28.1030591801552,28.0245232239601,28.6748342046213,29.3309591638854,28.1909008138712,27.1766143150248,27.9002615584761,27.1736622974067,26.4948272583983,25.8209072398212,26.2506403037264,26.6431003670084,26.8411929277814,27.2888457816539,27.477795308907,27.8681005862939,28.126095753721,27.862253690611,27.9490769772241,27.7122632042772
"ZAF","South Africa",48.9226667307117,48.8386816096335,48.8740510463967,48.7120049617382,48.9275302797233,49.4264415953586,49.3283132583542,49.3959068212634,49.5044432969766,49.6729662876495,49.8306836889905,49.6161939934949,49.0640403337597,48.7005193187304,48.7103286467213,48.636821310622,48.6735316216578,48.6551147431348,48.9653208632402,48.3679621729566,48.1571798236958,49.0425837004383,48.0357554321602,47.6214982639556
"ESP","Spain",61.1949536554246,61.4998635025432,61.8009517701862,62.0936510638652,62.6277547168604,63.2744573183729,63.2270835545659,63.3415574069247,63.3729308628672,63.2891310670738,63.581532277219,63.2240718182373,63.0612740669316,62.897473060513,62.3703271490896,62.3542113501249,62.6885850061438,62.6783253941261,62.3025643130941,61.6929179813912,61.8874910026345,62.3433140117262,62.608795579191,62.3519843713213
"LKA","Sri Lanka",45.3750085175789,45.3090196422756,45.368657530733,45.5403466758866,45.5497065562267,45.4061701534855,45.732430713237,46.5008722957717,46.165894275153,45.9631145935331,45.2623332747837,45.0165213965996,44.5369300002254,44.262809987878,43.962882556971,43.7745324662539,43.9741988106669,44.1846538350745,44.6870387381885,44.6749461588928,45.521699757452,46.0134016938031,46.0448013060583,46.0620408144838
"SDN","Sudan",32.0900966763626,32.1999422875098,32.4160472957662,32.6632555115617,32.6986797372254,32.6873258880107,33.2005067647139,33.5626389578962,33.1491563582897,33.8255891954833,33.2748468401438,33.5458584026496,33.7056670229642,33.3737286647487,33.4267579470087,33.004809160031,33.1826242394739,32.7362560000088,32.5750740248392,31.8391088410252,31.8577501258482,31.7981770174942,32.1416909872328,32.3033401925404
"SUR","Suriname",46.3703501284523,45.8803644591002,46.9132394156246,47.0716843146388,47.0689097355019,47.3890998912,47.2408234328855,47.8756812083217,48.1708421056833,47.808624505958,47.893208516344,47.4100820252075,47.7029325456714,47.3955531651752,47.3724862259338,46.4322058958799,46.9811822216699,46.7745720652243,47.0408216917165,46.1852383849339,46.6153224052787,46.3426066668192,47.0200693302757,46.8335814622521
"SWZ","Swaziland",42.4109693942464,42.4321016648368,42.4169805722794,40.8024302286927,41.5142991113758,41.8644097557441,42.2873482050221,42.5313464554234,42.3034459202272,41.6517205989751,41.912134598911,41.7275096356357,41.7089685761668,41.509623056655,41.2384607684754,40.5392440252378,39.9385167594479,39.7208287221553,40.3169585933779,39.1344273363802,39.0961267383574,38.8753606654281,39.6159376509574,39.4325930075911
"SWE","Sweden",71.6188301224459,71.7654836753032,72.0301670954586,72.252359964968,72.8422492165667,73.1473312542044,73.5218857874427,74.0434683081286,74.3155861993365,74.4949693923439,74.3083734830851,74.3589473201988,74.180629317282,73.8856244971002,73.7226430635506,73.8119634653606,74.2175505142249,73.9761126969196,73.530171579329,72.8385701805339,73.0468621849959,73.3120876056083,73.1757593511847,72.6185129610838
"CHE","Switzerland",72.4229186126333,72.5058366062183,72.7975279879532,73.1410957737491,73.5289671517016,73.9210124180685,74.0790363822212,74.2352695478041,74.0964350009438,74.103373483537,74.0868614294543,74.2790326845252,74.5230911516632,74.2372875597947,73.9330224899311,73.8082907025168,73.7016165011582,73.5699045193089,73.5793886435707,73.2615948382529,73.154977401491,73.0241190951343,72.5199706994266,72.2130963428896
"SYR","Syrian Arab Republic",45.2086737527581,45.2463638650533,45.2216393794535,45.3177844842567,45.3167856624807,45.3555724024283,45.9110672592256,46.4273057486833,46.0379011340715,45.6241770496682,45.143909618069,44.3035527679146,44.2866268029061,43.8813486811467,44.7639162624281,44.6692590055766,43.5999695129021,42.1629918268682,41.4588592113175,40.0052396060709,39.5693122369467,38.9998202386219,38.4362536822867,38.4504766555888
"TJK","Tajikistan",38.782743891761,39.7834647671237,40.0196011153896,40.2716074579772,39.683838934223,40.8486550604215,40.409239632414,41.6116738541603,41.5944088337414,41.8527691471296,41.8771219405685,42.4321780661918,42.5762911740209,42.7514098991181,42.6239351385381,42.8051307823734,43.1156192666799,42.4496106454666,42.3911892474088,42.6058981453157,42.8959600192735,43.2527754888423,43.257535552325,43.7595384239817
"TZA","Tanzania, United Republic of",40.0009909040897,39.9144428527394,39.5056303778776,39.3670042405047,38.7787977891253,38.8335714249397,39.610652865188,40.079432224501,38.7264629634011,39.4024688401034,39.3282578837096,39.22871100252,38.9121313997119,38.7402761550655,38.8516714553341,38.5202150285979,38.6669077231529,38.75971609402,38.4935976598641,37.7949834384526,38.177153570499,38.2722710754879,38.1288390574067,37.9778966649903
"THA","Thailand",50.5350898641821,50.5501474559903,50.86440466438,51.3187185741665,51.5442264976194,51.7541647544567,51.7727552682026,51.7917752767793,51.6743745647625,51.2326884381541,51.504582182303,50.8736083661108,50.6175577821371,50.6781323595381,51.58027672493,51.430296025033,51.5084229586501,51.5319909650833,51.6762726066561,51.896176270252,51.7420924575592,51.9637948868855,52.184437022045,52.8489467062068
"TLS","Timor-Leste",41.8618012747186,41.8149758820099,41.7803523421803,41.7541567557423,41.7294642458266,41.7027680869706,41.7015197234022,41.6643432708284,41.7670273249563,41.2855521406817,41.2991318472077,40.5595678761458,40.0692925712371,40.9049653001598,42.2442871388618,43.7507709689441,44.8112794499993,44.8591190998241,44.6338160956932,44.0238206767244,45.0913214487254,45.101796098711,44.2062472557953,43.8351694657215
"TGO","Togo",40.2657819889274,40.1908398887391,39.9630942048759,40.0779857243282,40.0154777609322,40.209721840617,40.0090142048122,40.0693465946477,40.1870853112406,38.8560772616741,38.0029736916122,38.6545307081453,39.2126317271196,39.1604463507989,38.8684827883108,39.2438169921242,38.7789951788782,38.6094524681812,39.3493816668074,38.57304033878,39.1781778047252,40.1036555460329,39.7693835697182,39.8974004429616
"TON","Tonga",42.9329329303158,43.0995921397882,42.8963998569858,42.4581755533766,41.587552291005,41.6011327081543,40.7109447931324,40.6151251869522,40.4763361453026,41.3470599602405,41.1038938825609,40.6086529412206,41.0092083878197,40.9441509275833,42.1262285431353,43.2436465379911,43.1660051280516,42.9067393240445,42.5245288325166,42.0055465015817,41.77867222999,41.9881542270276,42.1547383759349,42.2799260390392
"TTO","Trinidad and Tobago",49.8335451799324,49.5005934630576,49.8159284875013,49.4383423540072,49.2739053644229,49.0526257774126,49.2108356283576,49.2862581871894,49.5669959716582,49.735271426261,49.7304206852419,49.5810165227073,49.3416650474459,49.3377660238879,49.0032804683614,48.8882827240547,48.8942936585832,48.9545017847396,48.8470236652825,48.4024893373472,48.7673609366992,48.4754601868707,48.3717867400155,48.0716118208751
"TUN","Tunisia",50.5550746873811,50.7584194354339,50.945864588024,50.9979848441766,51.3095333353538,51.5602616615587,51.945515459249,52.3566978441248,52.7438260640263,52.9999522832204,53.032357643585,53.6064157793568,53.3162265220676,53.4421514963131,53.8677751170404,53.6489375223093,53.9454758809427,53.538350127548,52.7482646927808,52.6473134516463,52.4183441452769,52.2531359248656,52.3692184162411,52.2704321333346
"TUR","Turkey",49.648899737635,49.8477327980992,50.1252315206168,50.3523212352054,50.7059302394845,51.0436663492953,50.970666829218,50.9543035004965,51.4792645880513,51.6772490167609,52.6549958223642,52.8027671446604,52.997312739954,53.3844812829921,53.3801954022718,53.6104922383347,53.8414751178546,53.897548427078,54.0171064529005,53.7537667542116,53.5391052402584,52.4756487186957,52.9540742750698,52.8432601982322
"TKM","Turkmenistan",41.7047403666761,41.6296470866076,41.2639135412514,40.9319580248028,40.886810050202,40.9858661716871,40.9405240019313,40.8718125567962,40.9835079062037,39.9878335886967,40.3880746894585,39.5465276262673,40.4027864863963,41.1051413811458,41.2593884373276,41.2160048793987,41.2093127909349,41.6595809510734,41.5859315901509,41.6219532999859,41.4669352974204,41.0858652990743,41.3600395193161,41.6922265169244
"TUV","Tuvalu",,,,,,,,,,,,,,,,,,,,,,,,
"UGA","Uganda",37.4903268990466,37.3396472787556,36.7620911669085,36.3991628669184,36.0764738368879,35.8966713889347,36.1674211399111,36.4607508842069,36.9160581432172,36.3234457914939,35.8870663080186,36.1642890109467,36.0020906936391,35.420150223361,35.2081450450494,35.4075658645215,35.7618787627877,35.2136461989091,34.8239999165395,34.2347006172747,34.525932706867,35.1494846154102,35.2581075774227,34.9689936905884
"UKR","Ukraine",45.7740803553053,45.6290657917968,46.091307232496,46.3571102154388,46.7129114940559,46.9188065603668,47.9853390001407,46.2030379002281,46.613485491943,48.0451773460947,48.4255380626343,48.4204689406042,48.7818481356011,48.5300756920458,47.8822522766271,48.3391678262887,48.7040619205949,48.6522732793056,49.0048903303474,49.2487677835261,49.9214890402406,50.9026664641425,51.0814352180252,51.4041117840697
"ARE","United Arab Emirates",54.8108400040465,54.8588043756389,55.0018902574858,55.1632930606095,55.5156299059308,55.957656144059,56.9013842580225,57.7295871315524,57.1359911861943,56.9722949207546,56.4989635042897,57.3012165916375,57.5498901895418,57.2013879161815,57.0455080123689,57.6742968440678,58.4743395834238,58.762683621493,59.7906955219503,60.1169708786207,60.2049489681004,60.4941834631282,61.0944081322023,61.2573230319066
"GBR","United Kingdom",70.4966350678286,70.6269621867445,70.9166232081491,71.0938883865099,71.3279707419918,71.2717847215053,71.0668528738896,71.133278958673,70.8356639401257,70.7229452361291,70.5128352778895,70.8932391020078,70.6635886409324,70.3269059856002,69.7991550799883,70.6532762344039,70.4651702357859,70.4637641372912,70.4601086011759,70.861793543087,71.2558979760605,71.1518839576561,70.787743412884,70.3601254321233
"USA","United States",66.3381446414649,66.416390987773,66.4364915857756,66.5417039219942,66.8371735352261,66.9924692116825,66.888290740186,67.0859197848905,66.9645779377653,66.7697614638401,66.791064873937,67.1895429922797,67.1228499241956,67.5393159128773,67.2456790010337,67.5367255987263,67.6324709142237,67.7046902268761,67.31394203566,67.367456222423,67.3441593937112,67.374530803558,67.3827792686678,67.1138425737062
"URY","Uruguay",51.6530220035254,51.5449139846327,51.7937764739804,51.9066412879269,51.7472192226087,51.8251832993764,51.9169369946936,51.7321220220066,52.0079680108824,51.4970034269439,52.0360063998261,52.4261161797091,52.9078216209549,52.6968694145499,53.239332566153,53.2989506637808,53.5265283244503,54.462821552469,54.9691499165165,55.1213113778358,55.128638746871,55.1955339368605,55.2922511132192,55.2228879718424
"UZB","Uzbekistan",42.3849332593455,42.2706780950391,42.0083133946456,41.5610937863652,40.5792306254009,41.8286271329734,42.392139904933,43.0805939861348,42.9622393570804,42.2649142095891,41.6573279190981,42.5068083602756,42.9974714066985,43.367175399425,43.2854494479611,43.3918747031429,43.2264424347167,43.4959620463115,43.8513394197492,44.2418888492909,44.6645964902294,45.3347975401748,45.8524357061817,47.5846876102101
"VUT","Vanuatu",39.9951220989637,42.4234951800909,42.3827521605986,41.6180201173553,39.8827496882208,42.2963062861836,41.0927615530893,41.5436094317225,40.7489671355477,41.1728315173532,44.512258638291,42.4634573749523,42.3253896688648,42.1641220241104,41.9934748451484,41.2973824123215,41.8078145399308,41.2642314110615,40.6856595173863,40.51424993172,39.7839443244744,40.229179418838,40.8981833099587,40.4780583417573
"VEN","Venezuela, Bolivarian Republic o",45.726755876957,45.6163544642396,45.7155562690233,45.7213767220509,45.6765913153909,45.6379527942417,45.3319752767233,44.7364216563949,44.3818231459994,44.4773750552556,44.8602037562828,44.9735760221626,44.6055516139857,44.6132003110827,44.0443645800335,43.83775378489,43.9999038892291,43.5996717149532,43.131274818179,41.8306260216176,41.6752998687283,41.0557692111195,40.7219505632699,40.0367242701891
"VNM","Viet Nam",43.7671153879822,43.9708334231446,43.7901324791838,44.0402192090108,44.0947973215644,44.4543918956751,44.3595149691114,44.2168326793595,44.3007989199885,44.4021195139565,45.241589263027,45.052778947707,45.0710031934428,44.7932259281625,44.6969845772863,44.3941566751617,45.0412666280651,44.9600463969124,45.1529118154158,44.7466626085741,45.1025313970353,46.4187242682272,46.643921398975,47.0068801203887
"YEM","Yemen",39.3755573479551,39.30023398042,39.2371644926525,39.2209978517904,39.1424914057181,39.0896244994763,39.3482258276404,39.4707552466127,40.3166223940522,39.4124174297313,39.727270259093,39.638637455363,39.6054575771567,39.0363418397448,39.5787195935058,39.7727479409632,39.2632719954295,39.4960242080505,38.0080030384834,36.3229834174708,35.9133753498169,35.1621715285322,34.9937489595407,34.7685961831196
"ZMB","Zambia",40.4828048003448,40.2200026143221,40.26013736868,40.4609101812033,41.2768165825273,40.9288532738317,41.1766864582677,40.2619154962122,40.9650169402393,40.4194490517446,40.1436063151682,40.2142607771555,40.2195206095893,40.3923514633822,40.2903685270314,40.0049644769504,40.5112700763032,40.7145123143047,40.5006176855562,40.2715553803872,39.7340825997574,39.5842886579816,39.6358594784376,39.5917610721485
"ZWE","Zimbabwe",39.5786226010752,39.3417818450293,39.3115059296283,39.1570934076273,37.9682113210521,36.8825409895761,36.2214292042913,35.3018292597368,35.2881599954895,34.7723431426389,34.5856283248834,34.5223369160215,34.1300796140866,33.1350669229616,32.6949480515404,33.0433873039199,33.1004436033106,33.3322017259803,33.3827037957193,32.7687734410977,33.2381023837431,32.9784229791014,33.1559826334736,33.3113790326244
